"#ASV_A"	"ASV_B"	"Interaction"	"Type"
"ASV_1"	"ASV_10"	1	1
"ASV_1"	"ASV_101"	1	1
"ASV_1"	"ASV_106"	1	1
"ASV_1"	"ASV_108"	-1	2
"ASV_1"	"ASV_114"	-1	2
"ASV_1"	"ASV_1241"	1	1
"ASV_1"	"ASV_132"	-1	2
"ASV_1"	"ASV_14"	1	1
"ASV_1"	"ASV_155"	-1	2
"ASV_1"	"ASV_156"	1	1
"ASV_1"	"ASV_157"	-1	2
"ASV_1"	"ASV_16"	1	1
"ASV_1"	"ASV_164"	-1	2
"ASV_1"	"ASV_18"	1	1
"ASV_1"	"ASV_191"	-1	2
"ASV_1"	"ASV_195"	-1	2
"ASV_1"	"ASV_209"	-1	2
"ASV_1"	"ASV_21"	1	1
"ASV_1"	"ASV_216"	-1	2
"ASV_1"	"ASV_227"	1	1
"ASV_1"	"ASV_235"	-1	2
"ASV_1"	"ASV_239"	1	1
"ASV_1"	"ASV_24"	1	1
"ASV_1"	"ASV_247"	-1	2
"ASV_1"	"ASV_259"	-1	2
"ASV_1"	"ASV_294"	-1	2
"ASV_1"	"ASV_32"	-1	2
"ASV_1"	"ASV_337"	-1	2
"ASV_1"	"ASV_35"	1	1
"ASV_1"	"ASV_366"	-1	2
"ASV_1"	"ASV_377"	-1	2
"ASV_1"	"ASV_388"	-1	2
"ASV_1"	"ASV_393"	-1	2
"ASV_1"	"ASV_41"	1	1
"ASV_1"	"ASV_42"	-1	2
"ASV_1"	"ASV_433"	-1	2
"ASV_1"	"ASV_438"	-1	2
"ASV_1"	"ASV_442"	1	1
"ASV_1"	"ASV_5"	1	1
"ASV_1"	"ASV_546"	1	1
"ASV_1"	"ASV_6"	1	1
"ASV_1"	"ASV_603"	-1	2
"ASV_1"	"ASV_610"	-1	2
"ASV_1"	"ASV_629"	-1	2
"ASV_1"	"ASV_673"	-1	2
"ASV_1"	"ASV_687"	-1	2
"ASV_1"	"ASV_7"	1	1
"ASV_1"	"ASV_709"	-1	2
"ASV_1"	"ASV_730"	-1	2
"ASV_1"	"ASV_744"	-1	2
"ASV_1"	"ASV_761"	-1	2
"ASV_1"	"ASV_832"	-1	2
"ASV_1"	"ASV_867"	-1	2
"ASV_1"	"ASV_9"	1	1
"ASV_1"	"ASV_92"	-1	2
"ASV_1"	"ASV_94"	-1	2
"ASV_1"	"ASV_974"	-1	2
"ASV_10"	"ASV_118"	1	1
"ASV_10"	"ASV_1214"	1	1
"ASV_10"	"ASV_204"	1	1
"ASV_10"	"ASV_229"	1	1
"ASV_10"	"ASV_24"	1	1
"ASV_10"	"ASV_298"	1	1
"ASV_10"	"ASV_324"	1	1
"ASV_10"	"ASV_46"	1	1
"ASV_10"	"ASV_471"	1	1
"ASV_10"	"ASV_484"	1	1
"ASV_10"	"ASV_52"	1	1
"ASV_10"	"ASV_578"	-1	2
"ASV_10"	"ASV_628"	-1	2
"ASV_10"	"ASV_645"	1	1
"ASV_10"	"ASV_680"	-1	2
"ASV_10"	"ASV_695"	-1	2
"ASV_10"	"ASV_719"	-1	2
"ASV_100"	"ASV_109"	1	1
"ASV_100"	"ASV_120"	-1	2
"ASV_100"	"ASV_131"	1	1
"ASV_100"	"ASV_574"	1	1
"ASV_100"	"ASV_611"	-1	2
"ASV_100"	"ASV_868"	-1	2
"ASV_100"	"ASV_959"	1	1
"ASV_101"	"ASV_107"	1	1
"ASV_101"	"ASV_136"	1	1
"ASV_101"	"ASV_228"	1	1
"ASV_101"	"ASV_424"	1	1
"ASV_101"	"ASV_624"	1	1
"ASV_101"	"ASV_640"	1	1
"ASV_101"	"ASV_778"	1	1
"ASV_103"	"ASV_106"	-1	2
"ASV_103"	"ASV_109"	1	1
"ASV_103"	"ASV_124"	-1	2
"ASV_103"	"ASV_142"	1	1
"ASV_103"	"ASV_146"	1	1
"ASV_103"	"ASV_388"	-1	2
"ASV_103"	"ASV_524"	1	1
"ASV_104"	"ASV_109"	1	1
"ASV_104"	"ASV_115"	1	1
"ASV_104"	"ASV_122"	1	1
"ASV_104"	"ASV_138"	1	1
"ASV_104"	"ASV_184"	1	1
"ASV_104"	"ASV_200"	1	1
"ASV_104"	"ASV_202"	1	1
"ASV_104"	"ASV_208"	1	1
"ASV_104"	"ASV_256"	1	1
"ASV_104"	"ASV_333"	1	1
"ASV_104"	"ASV_350"	-1	2
"ASV_104"	"ASV_446"	-1	2
"ASV_104"	"ASV_484"	-1	2
"ASV_104"	"ASV_505"	1	1
"ASV_104"	"ASV_611"	1	1
"ASV_104"	"ASV_778"	1	1
"ASV_105"	"ASV_272"	1	1
"ASV_106"	"ASV_189"	-1	2
"ASV_106"	"ASV_267"	1	1
"ASV_106"	"ASV_278"	1	1
"ASV_106"	"ASV_394"	1	1
"ASV_106"	"ASV_396"	1	1
"ASV_107"	"ASV_1036"	1	1
"ASV_107"	"ASV_160"	1	1
"ASV_107"	"ASV_166"	1	1
"ASV_107"	"ASV_175"	1	1
"ASV_107"	"ASV_213"	-1	2
"ASV_107"	"ASV_216"	1	1
"ASV_107"	"ASV_256"	1	1
"ASV_107"	"ASV_272"	1	1
"ASV_107"	"ASV_274"	1	1
"ASV_107"	"ASV_337"	1	1
"ASV_107"	"ASV_364"	1	1
"ASV_107"	"ASV_379"	1	1
"ASV_108"	"ASV_132"	1	1
"ASV_108"	"ASV_248"	1	1
"ASV_108"	"ASV_285"	1	1
"ASV_108"	"ASV_422"	1	1
"ASV_109"	"ASV_574"	1	1
"ASV_11"	"ASV_14"	1	1
"ASV_11"	"ASV_15"	1	1
"ASV_11"	"ASV_160"	-1	2
"ASV_11"	"ASV_19"	1	1
"ASV_11"	"ASV_194"	-1	2
"ASV_11"	"ASV_22"	1	1
"ASV_11"	"ASV_250"	1	1
"ASV_11"	"ASV_282"	1	1
"ASV_11"	"ASV_298"	1	1
"ASV_11"	"ASV_303"	-1	2
"ASV_11"	"ASV_31"	1	1
"ASV_11"	"ASV_496"	1	1
"ASV_11"	"ASV_519"	1	1
"ASV_11"	"ASV_533"	-1	2
"ASV_11"	"ASV_540"	1	1
"ASV_11"	"ASV_59"	1	1
"ASV_11"	"ASV_76"	-1	2
"ASV_110"	"ASV_124"	1	1
"ASV_110"	"ASV_173"	-1	2
"ASV_110"	"ASV_196"	1	1
"ASV_110"	"ASV_247"	1	1
"ASV_110"	"ASV_668"	1	1
"ASV_112"	"ASV_1207"	1	1
"ASV_112"	"ASV_1318"	1	1
"ASV_112"	"ASV_132"	1	1
"ASV_112"	"ASV_154"	-1	2
"ASV_112"	"ASV_163"	1	1
"ASV_112"	"ASV_292"	1	1
"ASV_112"	"ASV_337"	1	1
"ASV_112"	"ASV_476"	1	1
"ASV_112"	"ASV_648"	-1	2
"ASV_112"	"ASV_654"	1	1
"ASV_112"	"ASV_699"	1	1
"ASV_113"	"ASV_1139"	1	1
"ASV_113"	"ASV_270"	1	1
"ASV_113"	"ASV_430"	-1	2
"ASV_114"	"ASV_137"	1	1
"ASV_114"	"ASV_181"	1	1
"ASV_114"	"ASV_496"	1	1
"ASV_114"	"ASV_556"	1	1
"ASV_114"	"ASV_782"	1	1
"ASV_115"	"ASV_143"	-1	2
"ASV_115"	"ASV_159"	1	1
"ASV_115"	"ASV_233"	1	1
"ASV_115"	"ASV_252"	1	1
"ASV_115"	"ASV_267"	1	1
"ASV_115"	"ASV_491"	-1	2
"ASV_115"	"ASV_498"	-1	2
"ASV_115"	"ASV_655"	1	1
"ASV_115"	"ASV_680"	-1	2
"ASV_115"	"ASV_782"	1	1
"ASV_116"	"ASV_121"	-1	2
"ASV_116"	"ASV_139"	1	1
"ASV_116"	"ASV_163"	1	1
"ASV_116"	"ASV_205"	1	1
"ASV_116"	"ASV_232"	1	1
"ASV_116"	"ASV_251"	1	1
"ASV_116"	"ASV_262"	1	1
"ASV_116"	"ASV_268"	-1	2
"ASV_116"	"ASV_364"	1	1
"ASV_116"	"ASV_366"	1	1
"ASV_116"	"ASV_673"	1	1
"ASV_117"	"ASV_1048"	1	1
"ASV_117"	"ASV_132"	1	1
"ASV_117"	"ASV_139"	1	1
"ASV_117"	"ASV_155"	1	1
"ASV_117"	"ASV_157"	1	1
"ASV_117"	"ASV_372"	1	1
"ASV_117"	"ASV_625"	1	1
"ASV_117"	"ASV_786"	1	1
"ASV_117"	"ASV_826"	1	1
"ASV_118"	"ASV_162"	1	1
"ASV_118"	"ASV_276"	1	1
"ASV_120"	"ASV_123"	-1	2
"ASV_120"	"ASV_135"	1	1
"ASV_120"	"ASV_173"	1	1
"ASV_120"	"ASV_203"	1	1
"ASV_120"	"ASV_236"	1	1
"ASV_120"	"ASV_268"	1	1
"ASV_120"	"ASV_342"	1	1
"ASV_120"	"ASV_347"	1	1
"ASV_121"	"ASV_168"	1	1
"ASV_121"	"ASV_208"	1	1
"ASV_121"	"ASV_267"	1	1
"ASV_121"	"ASV_272"	1	1
"ASV_121"	"ASV_340"	1	1
"ASV_121"	"ASV_369"	1	1
"ASV_122"	"ASV_1139"	1	1
"ASV_122"	"ASV_138"	1	1
"ASV_122"	"ASV_156"	1	1
"ASV_122"	"ASV_217"	-1	2
"ASV_122"	"ASV_624"	1	1
"ASV_122"	"ASV_670"	1	1
"ASV_122"	"ASV_715"	1	1
"ASV_122"	"ASV_736"	1	1
"ASV_123"	"ASV_132"	1	1
"ASV_123"	"ASV_155"	1	1
"ASV_123"	"ASV_207"	1	1
"ASV_123"	"ASV_290"	1	1
"ASV_123"	"ASV_398"	1	1
"ASV_123"	"ASV_573"	1	1
"ASV_124"	"ASV_139"	1	1
"ASV_124"	"ASV_148"	1	1
"ASV_124"	"ASV_166"	1	1
"ASV_124"	"ASV_251"	1	1
"ASV_124"	"ASV_274"	1	1
"ASV_124"	"ASV_350"	1	1
"ASV_124"	"ASV_381"	1	1
"ASV_124"	"ASV_465"	1	1
"ASV_124"	"ASV_489"	1	1
"ASV_124"	"ASV_495"	1	1
"ASV_124"	"ASV_561"	1	1
"ASV_124"	"ASV_599"	1	1
"ASV_124"	"ASV_694"	1	1
"ASV_124"	"ASV_793"	1	1
"ASV_124"	"ASV_838"	1	1
"ASV_124"	"ASV_913"	1	1
"ASV_124"	"ASV_950"	1	1
"ASV_125"	"ASV_624"	1	1
"ASV_125"	"ASV_670"	1	1
"ASV_125"	"ASV_886"	1	1
"ASV_126"	"ASV_148"	1	1
"ASV_126"	"ASV_195"	1	1
"ASV_126"	"ASV_199"	1	1
"ASV_128"	"ASV_148"	1	1
"ASV_128"	"ASV_166"	1	1
"ASV_128"	"ASV_169"	1	1
"ASV_128"	"ASV_170"	1	1
"ASV_129"	"ASV_141"	1	1
"ASV_129"	"ASV_268"	1	1
"ASV_129"	"ASV_650"	1	1
"ASV_13"	"ASV_17"	1	1
"ASV_13"	"ASV_210"	-1	2
"ASV_13"	"ASV_33"	1	1
"ASV_13"	"ASV_395"	-1	2
"ASV_13"	"ASV_60"	1	1
"ASV_13"	"ASV_62"	-1	2
"ASV_13"	"ASV_79"	-1	2
"ASV_130"	"ASV_147"	1	1
"ASV_130"	"ASV_155"	1	1
"ASV_130"	"ASV_332"	1	1
"ASV_130"	"ASV_574"	1	1
"ASV_131"	"ASV_204"	1	1
"ASV_131"	"ASV_270"	1	1
"ASV_131"	"ASV_284"	1	1
"ASV_131"	"ASV_327"	1	1
"ASV_131"	"ASV_484"	1	1
"ASV_131"	"ASV_727"	1	1
"ASV_132"	"ASV_350"	1	1
"ASV_134"	"ASV_149"	-1	2
"ASV_134"	"ASV_193"	1	1
"ASV_134"	"ASV_195"	1	1
"ASV_134"	"ASV_215"	1	1
"ASV_134"	"ASV_460"	1	1
"ASV_134"	"ASV_500"	1	1
"ASV_135"	"ASV_150"	1	1
"ASV_135"	"ASV_203"	1	1
"ASV_135"	"ASV_204"	1	1
"ASV_135"	"ASV_236"	1	1
"ASV_135"	"ASV_246"	1	1
"ASV_135"	"ASV_312"	1	1
"ASV_136"	"ASV_252"	1	1
"ASV_136"	"ASV_391"	1	1
"ASV_136"	"ASV_415"	1	1
"ASV_136"	"ASV_563"	1	1
"ASV_137"	"ASV_139"	1	1
"ASV_137"	"ASV_212"	1	1
"ASV_137"	"ASV_224"	1	1
"ASV_138"	"ASV_159"	1	1
"ASV_138"	"ASV_191"	-1	2
"ASV_139"	"ASV_1052"	1	1
"ASV_139"	"ASV_140"	1	1
"ASV_139"	"ASV_144"	1	1
"ASV_139"	"ASV_148"	1	1
"ASV_139"	"ASV_186"	1	1
"ASV_139"	"ASV_219"	1	1
"ASV_139"	"ASV_245"	-1	2
"ASV_139"	"ASV_251"	1	1
"ASV_139"	"ASV_258"	1	1
"ASV_139"	"ASV_260"	1	1
"ASV_139"	"ASV_296"	1	1
"ASV_139"	"ASV_337"	1	1
"ASV_139"	"ASV_357"	1	1
"ASV_139"	"ASV_388"	1	1
"ASV_139"	"ASV_465"	1	1
"ASV_139"	"ASV_494"	1	1
"ASV_139"	"ASV_495"	1	1
"ASV_139"	"ASV_520"	1	1
"ASV_139"	"ASV_539"	1	1
"ASV_139"	"ASV_654"	1	1
"ASV_139"	"ASV_698"	1	1
"ASV_139"	"ASV_751"	-1	2
"ASV_14"	"ASV_104"	1	1
"ASV_14"	"ASV_115"	1	1
"ASV_14"	"ASV_153"	-1	2
"ASV_14"	"ASV_16"	1	1
"ASV_14"	"ASV_163"	-1	2
"ASV_14"	"ASV_19"	1	1
"ASV_14"	"ASV_191"	-1	2
"ASV_14"	"ASV_216"	-1	2
"ASV_14"	"ASV_235"	-1	2
"ASV_14"	"ASV_247"	-1	2
"ASV_14"	"ASV_25"	1	1
"ASV_14"	"ASV_26"	1	1
"ASV_14"	"ASV_264"	1	1
"ASV_14"	"ASV_29"	-1	2
"ASV_14"	"ASV_34"	1	1
"ASV_14"	"ASV_369"	1	1
"ASV_14"	"ASV_37"	1	1
"ASV_14"	"ASV_423"	1	1
"ASV_14"	"ASV_456"	1	1
"ASV_14"	"ASV_544"	-1	2
"ASV_14"	"ASV_59"	1	1
"ASV_14"	"ASV_62"	1	1
"ASV_14"	"ASV_692"	-1	2
"ASV_14"	"ASV_73"	1	1
"ASV_14"	"ASV_82"	-1	2
"ASV_14"	"ASV_85"	1	1
"ASV_14"	"ASV_87"	1	1
"ASV_14"	"ASV_90"	1	1
"ASV_140"	"ASV_337"	1	1
"ASV_142"	"ASV_1028"	1	1
"ASV_142"	"ASV_1087"	1	1
"ASV_142"	"ASV_156"	1	1
"ASV_142"	"ASV_239"	1	1
"ASV_142"	"ASV_515"	-1	2
"ASV_143"	"ASV_311"	1	1
"ASV_144"	"ASV_205"	1	1
"ASV_144"	"ASV_222"	1	1
"ASV_144"	"ASV_259"	1	1
"ASV_144"	"ASV_295"	1	1
"ASV_144"	"ASV_361"	1	1
"ASV_144"	"ASV_467"	1	1
"ASV_144"	"ASV_476"	1	1
"ASV_144"	"ASV_568"	1	1
"ASV_145"	"ASV_205"	1	1
"ASV_145"	"ASV_252"	1	1
"ASV_145"	"ASV_265"	1	1
"ASV_145"	"ASV_275"	1	1
"ASV_145"	"ASV_505"	1	1
"ASV_145"	"ASV_788"	1	1
"ASV_145"	"ASV_816"	1	1
"ASV_146"	"ASV_176"	1	1
"ASV_146"	"ASV_178"	1	1
"ASV_146"	"ASV_525"	1	1
"ASV_146"	"ASV_533"	1	1
"ASV_147"	"ASV_659"	1	1
"ASV_148"	"ASV_1042"	1	1
"ASV_148"	"ASV_1149"	1	1
"ASV_148"	"ASV_1219"	1	1
"ASV_148"	"ASV_153"	1	1
"ASV_148"	"ASV_157"	1	1
"ASV_148"	"ASV_186"	1	1
"ASV_148"	"ASV_208"	1	1
"ASV_148"	"ASV_216"	1	1
"ASV_148"	"ASV_217"	1	1
"ASV_148"	"ASV_245"	1	1
"ASV_148"	"ASV_251"	1	1
"ASV_148"	"ASV_258"	1	1
"ASV_148"	"ASV_260"	1	1
"ASV_148"	"ASV_274"	1	1
"ASV_148"	"ASV_277"	1	1
"ASV_148"	"ASV_299"	1	1
"ASV_148"	"ASV_306"	1	1
"ASV_148"	"ASV_307"	1	1
"ASV_148"	"ASV_315"	1	1
"ASV_148"	"ASV_336"	1	1
"ASV_148"	"ASV_379"	1	1
"ASV_148"	"ASV_381"	1	1
"ASV_148"	"ASV_392"	1	1
"ASV_148"	"ASV_430"	1	1
"ASV_148"	"ASV_450"	1	1
"ASV_148"	"ASV_504"	1	1
"ASV_148"	"ASV_547"	1	1
"ASV_148"	"ASV_554"	1	1
"ASV_148"	"ASV_572"	1	1
"ASV_148"	"ASV_592"	1	1
"ASV_148"	"ASV_600"	1	1
"ASV_148"	"ASV_721"	1	1
"ASV_148"	"ASV_753"	1	1
"ASV_148"	"ASV_936"	1	1
"ASV_149"	"ASV_232"	-1	2
"ASV_149"	"ASV_389"	1	1
"ASV_15"	"ASV_135"	-1	2
"ASV_15"	"ASV_21"	-1	2
"ASV_15"	"ASV_211"	-1	2
"ASV_15"	"ASV_31"	1	1
"ASV_15"	"ASV_337"	-1	2
"ASV_15"	"ASV_35"	1	1
"ASV_15"	"ASV_41"	1	1
"ASV_15"	"ASV_53"	1	1
"ASV_15"	"ASV_59"	1	1
"ASV_15"	"ASV_60"	1	1
"ASV_15"	"ASV_62"	1	1
"ASV_15"	"ASV_68"	1	1
"ASV_15"	"ASV_949"	1	1
"ASV_150"	"ASV_348"	-1	2
"ASV_150"	"ASV_524"	1	1
"ASV_150"	"ASV_702"	-1	2
"ASV_152"	"ASV_251"	1	1
"ASV_153"	"ASV_194"	1	1
"ASV_153"	"ASV_274"	1	1
"ASV_153"	"ASV_350"	1	1
"ASV_153"	"ASV_430"	1	1
"ASV_154"	"ASV_782"	1	1
"ASV_155"	"ASV_217"	1	1
"ASV_155"	"ASV_309"	1	1
"ASV_155"	"ASV_884"	1	1
"ASV_157"	"ASV_251"	1	1
"ASV_157"	"ASV_260"	1	1
"ASV_157"	"ASV_339"	-1	2
"ASV_157"	"ASV_465"	1	1
"ASV_157"	"ASV_752"	1	1
"ASV_159"	"ASV_235"	-1	2
"ASV_159"	"ASV_288"	-1	2
"ASV_159"	"ASV_300"	-1	2
"ASV_16"	"ASV_1105"	1	1
"ASV_16"	"ASV_115"	1	1
"ASV_16"	"ASV_119"	1	1
"ASV_16"	"ASV_121"	1	1
"ASV_16"	"ASV_122"	1	1
"ASV_16"	"ASV_1448"	1	1
"ASV_16"	"ASV_145"	1	1
"ASV_16"	"ASV_149"	1	1
"ASV_16"	"ASV_168"	1	1
"ASV_16"	"ASV_178"	1	1
"ASV_16"	"ASV_18"	1	1
"ASV_16"	"ASV_180"	1	1
"ASV_16"	"ASV_195"	-1	2
"ASV_16"	"ASV_211"	-1	2
"ASV_16"	"ASV_223"	-1	2
"ASV_16"	"ASV_26"	1	1
"ASV_16"	"ASV_29"	-1	2
"ASV_16"	"ASV_336"	-1	2
"ASV_16"	"ASV_34"	1	1
"ASV_16"	"ASV_356"	-1	2
"ASV_16"	"ASV_361"	-1	2
"ASV_16"	"ASV_389"	1	1
"ASV_16"	"ASV_396"	-1	2
"ASV_16"	"ASV_421"	1	1
"ASV_16"	"ASV_45"	1	1
"ASV_16"	"ASV_48"	1	1
"ASV_16"	"ASV_668"	-1	2
"ASV_16"	"ASV_69"	-1	2
"ASV_16"	"ASV_707"	-1	2
"ASV_16"	"ASV_73"	1	1
"ASV_16"	"ASV_79"	1	1
"ASV_16"	"ASV_95"	-1	2
"ASV_160"	"ASV_235"	1	1
"ASV_161"	"ASV_363"	1	1
"ASV_162"	"ASV_215"	1	1
"ASV_162"	"ASV_698"	1	1
"ASV_163"	"ASV_541"	1	1
"ASV_163"	"ASV_544"	1	1
"ASV_164"	"ASV_166"	1	1
"ASV_164"	"ASV_175"	1	1
"ASV_164"	"ASV_222"	1	1
"ASV_164"	"ASV_296"	1	1
"ASV_164"	"ASV_315"	1	1
"ASV_164"	"ASV_357"	1	1
"ASV_165"	"ASV_212"	1	1
"ASV_165"	"ASV_223"	1	1
"ASV_165"	"ASV_225"	1	1
"ASV_165"	"ASV_272"	1	1
"ASV_165"	"ASV_334"	1	1
"ASV_165"	"ASV_356"	1	1
"ASV_165"	"ASV_381"	1	1
"ASV_165"	"ASV_458"	1	1
"ASV_165"	"ASV_578"	1	1
"ASV_165"	"ASV_893"	1	1
"ASV_165"	"ASV_981"	1	1
"ASV_166"	"ASV_337"	1	1
"ASV_168"	"ASV_200"	1	1
"ASV_168"	"ASV_222"	1	1
"ASV_168"	"ASV_256"	1	1
"ASV_168"	"ASV_774"	1	1
"ASV_17"	"ASV_200"	1	1
"ASV_17"	"ASV_204"	-1	2
"ASV_17"	"ASV_27"	1	1
"ASV_17"	"ASV_41"	-1	2
"ASV_17"	"ASV_60"	1	1
"ASV_17"	"ASV_639"	1	1
"ASV_17"	"ASV_649"	1	1
"ASV_17"	"ASV_75"	1	1
"ASV_170"	"ASV_216"	1	1
"ASV_173"	"ASV_236"	1	1
"ASV_173"	"ASV_268"	1	1
"ASV_173"	"ASV_455"	1	1
"ASV_173"	"ASV_531"	1	1
"ASV_177"	"ASV_401"	1	1
"ASV_177"	"ASV_763"	1	1
"ASV_177"	"ASV_830"	1	1
"ASV_18"	"ASV_103"	1	1
"ASV_18"	"ASV_114"	1	1
"ASV_18"	"ASV_135"	1	1
"ASV_18"	"ASV_142"	1	1
"ASV_18"	"ASV_184"	1	1
"ASV_18"	"ASV_187"	1	1
"ASV_18"	"ASV_205"	1	1
"ASV_18"	"ASV_218"	1	1
"ASV_18"	"ASV_234"	1	1
"ASV_18"	"ASV_256"	1	1
"ASV_18"	"ASV_270"	1	1
"ASV_18"	"ASV_304"	-1	2
"ASV_18"	"ASV_341"	1	1
"ASV_18"	"ASV_352"	1	1
"ASV_18"	"ASV_41"	1	1
"ASV_18"	"ASV_415"	1	1
"ASV_18"	"ASV_426"	-1	2
"ASV_18"	"ASV_457"	1	1
"ASV_18"	"ASV_490"	1	1
"ASV_18"	"ASV_51"	1	1
"ASV_18"	"ASV_55"	1	1
"ASV_18"	"ASV_57"	1	1
"ASV_18"	"ASV_68"	1	1
"ASV_18"	"ASV_719"	1	1
"ASV_18"	"ASV_80"	-1	2
"ASV_18"	"ASV_899"	-1	2
"ASV_18"	"ASV_98"	1	1
"ASV_181"	"ASV_268"	1	1
"ASV_181"	"ASV_422"	1	1
"ASV_182"	"ASV_409"	1	1
"ASV_183"	"ASV_400"	1	1
"ASV_185"	"ASV_337"	1	1
"ASV_186"	"ASV_258"	1	1
"ASV_186"	"ASV_278"	1	1
"ASV_187"	"ASV_219"	1	1
"ASV_187"	"ASV_234"	1	1
"ASV_187"	"ASV_262"	1	1
"ASV_189"	"ASV_211"	1	1
"ASV_189"	"ASV_364"	1	1
"ASV_19"	"ASV_121"	1	1
"ASV_19"	"ASV_123"	-1	2
"ASV_19"	"ASV_131"	-1	2
"ASV_19"	"ASV_136"	1	1
"ASV_19"	"ASV_150"	1	1
"ASV_19"	"ASV_153"	-1	2
"ASV_19"	"ASV_171"	1	1
"ASV_19"	"ASV_177"	1	1
"ASV_19"	"ASV_198"	1	1
"ASV_19"	"ASV_208"	1	1
"ASV_19"	"ASV_25"	1	1
"ASV_19"	"ASV_306"	-1	2
"ASV_19"	"ASV_324"	1	1
"ASV_19"	"ASV_332"	-1	2
"ASV_19"	"ASV_35"	1	1
"ASV_19"	"ASV_386"	1	1
"ASV_19"	"ASV_406"	-1	2
"ASV_19"	"ASV_472"	1	1
"ASV_19"	"ASV_50"	-1	2
"ASV_19"	"ASV_515"	-1	2
"ASV_19"	"ASV_55"	1	1
"ASV_19"	"ASV_561"	-1	2
"ASV_19"	"ASV_59"	1	1
"ASV_19"	"ASV_62"	1	1
"ASV_19"	"ASV_673"	-1	2
"ASV_19"	"ASV_72"	1	1
"ASV_19"	"ASV_81"	1	1
"ASV_19"	"ASV_824"	1	1
"ASV_190"	"ASV_226"	1	1
"ASV_190"	"ASV_265"	1	1
"ASV_190"	"ASV_685"	-1	2
"ASV_191"	"ASV_267"	-1	2
"ASV_191"	"ASV_308"	1	1
"ASV_192"	"ASV_381"	1	1
"ASV_193"	"ASV_195"	1	1
"ASV_193"	"ASV_215"	1	1
"ASV_193"	"ASV_343"	1	1
"ASV_193"	"ASV_460"	1	1
"ASV_193"	"ASV_492"	1	1
"ASV_193"	"ASV_500"	1	1
"ASV_193"	"ASV_801"	1	1
"ASV_195"	"ASV_434"	1	1
"ASV_195"	"ASV_492"	1	1
"ASV_196"	"ASV_309"	1	1
"ASV_198"	"ASV_272"	1	1
"ASV_2"	"ASV_10"	1	1
"ASV_2"	"ASV_120"	1	1
"ASV_2"	"ASV_139"	-1	2
"ASV_2"	"ASV_144"	-1	2
"ASV_2"	"ASV_148"	-1	2
"ASV_2"	"ASV_154"	-1	2
"ASV_2"	"ASV_189"	1	1
"ASV_2"	"ASV_19"	1	1
"ASV_2"	"ASV_21"	1	1
"ASV_2"	"ASV_23"	-1	2
"ASV_2"	"ASV_24"	1	1
"ASV_2"	"ASV_26"	1	1
"ASV_2"	"ASV_297"	-1	2
"ASV_2"	"ASV_36"	1	1
"ASV_2"	"ASV_367"	-1	2
"ASV_2"	"ASV_40"	-1	2
"ASV_2"	"ASV_486"	1	1
"ASV_2"	"ASV_52"	1	1
"ASV_2"	"ASV_57"	-1	2
"ASV_2"	"ASV_724"	-1	2
"ASV_2"	"ASV_8"	-1	2
"ASV_2"	"ASV_82"	-1	2
"ASV_2"	"ASV_85"	1	1
"ASV_2"	"ASV_92"	-1	2
"ASV_20"	"ASV_269"	1	1
"ASV_20"	"ASV_33"	1	1
"ASV_20"	"ASV_336"	1	1
"ASV_201"	"ASV_218"	1	1
"ASV_201"	"ASV_357"	-1	2
"ASV_201"	"ASV_604"	1	1
"ASV_202"	"ASV_267"	1	1
"ASV_202"	"ASV_495"	1	1
"ASV_202"	"ASV_505"	1	1
"ASV_202"	"ASV_519"	1	1
"ASV_202"	"ASV_904"	1	1
"ASV_205"	"ASV_272"	1	1
"ASV_207"	"ASV_247"	1	1
"ASV_208"	"ASV_211"	1	1
"ASV_208"	"ASV_257"	1	1
"ASV_208"	"ASV_364"	1	1
"ASV_208"	"ASV_456"	1	1
"ASV_208"	"ASV_524"	1	1
"ASV_21"	"ASV_105"	1	1
"ASV_21"	"ASV_106"	1	1
"ASV_21"	"ASV_131"	1	1
"ASV_21"	"ASV_149"	1	1
"ASV_21"	"ASV_167"	-1	2
"ASV_21"	"ASV_276"	1	1
"ASV_21"	"ASV_281"	1	1
"ASV_21"	"ASV_32"	-1	2
"ASV_21"	"ASV_53"	-1	2
"ASV_211"	"ASV_274"	1	1
"ASV_211"	"ASV_324"	1	1
"ASV_212"	"ASV_223"	1	1
"ASV_212"	"ASV_375"	1	1
"ASV_212"	"ASV_400"	1	1
"ASV_215"	"ASV_434"	1	1
"ASV_215"	"ASV_460"	1	1
"ASV_215"	"ASV_492"	1	1
"ASV_215"	"ASV_549"	1	1
"ASV_215"	"ASV_698"	1	1
"ASV_216"	"ASV_274"	1	1
"ASV_216"	"ASV_307"	1	1
"ASV_216"	"ASV_426"	1	1
"ASV_216"	"ASV_550"	1	1
"ASV_216"	"ASV_609"	1	1
"ASV_216"	"ASV_617"	1	1
"ASV_216"	"ASV_721"	1	1
"ASV_216"	"ASV_844"	1	1
"ASV_217"	"ASV_350"	1	1
"ASV_217"	"ASV_361"	1	1
"ASV_217"	"ASV_412"	1	1
"ASV_217"	"ASV_974"	1	1
"ASV_218"	"ASV_260"	-1	2
"ASV_219"	"ASV_232"	1	1
"ASV_219"	"ASV_278"	1	1
"ASV_219"	"ASV_304"	1	1
"ASV_22"	"ASV_110"	-1	2
"ASV_22"	"ASV_130"	-1	2
"ASV_22"	"ASV_142"	-1	2
"ASV_22"	"ASV_159"	-1	2
"ASV_22"	"ASV_178"	1	1
"ASV_22"	"ASV_190"	-1	2
"ASV_22"	"ASV_203"	-1	2
"ASV_22"	"ASV_289"	-1	2
"ASV_22"	"ASV_31"	1	1
"ASV_22"	"ASV_357"	-1	2
"ASV_22"	"ASV_40"	1	1
"ASV_22"	"ASV_42"	1	1
"ASV_22"	"ASV_422"	1	1
"ASV_22"	"ASV_46"	1	1
"ASV_22"	"ASV_546"	-1	2
"ASV_22"	"ASV_71"	-1	2
"ASV_22"	"ASV_84"	-1	2
"ASV_22"	"ASV_86"	1	1
"ASV_22"	"ASV_92"	-1	2
"ASV_221"	"ASV_326"	1	1
"ASV_221"	"ASV_509"	1	1
"ASV_221"	"ASV_598"	1	1
"ASV_221"	"ASV_701"	1	1
"ASV_222"	"ASV_225"	1	1
"ASV_222"	"ASV_450"	1	1
"ASV_223"	"ASV_272"	1	1
"ASV_223"	"ASV_278"	1	1
"ASV_224"	"ASV_736"	1	1
"ASV_225"	"ASV_1089"	1	1
"ASV_225"	"ASV_334"	1	1
"ASV_225"	"ASV_578"	1	1
"ASV_226"	"ASV_236"	-1	2
"ASV_226"	"ASV_370"	1	1
"ASV_228"	"ASV_260"	-1	2
"ASV_23"	"ASV_116"	1	1
"ASV_23"	"ASV_124"	1	1
"ASV_23"	"ASV_1266"	1	1
"ASV_23"	"ASV_148"	1	1
"ASV_23"	"ASV_167"	1	1
"ASV_23"	"ASV_187"	1	1
"ASV_23"	"ASV_194"	1	1
"ASV_23"	"ASV_213"	1	1
"ASV_23"	"ASV_232"	1	1
"ASV_23"	"ASV_251"	1	1
"ASV_23"	"ASV_26"	-1	2
"ASV_23"	"ASV_272"	1	1
"ASV_23"	"ASV_28"	1	1
"ASV_23"	"ASV_29"	1	1
"ASV_23"	"ASV_30"	1	1
"ASV_23"	"ASV_307"	1	1
"ASV_23"	"ASV_32"	1	1
"ASV_23"	"ASV_357"	1	1
"ASV_23"	"ASV_366"	1	1
"ASV_23"	"ASV_381"	1	1
"ASV_23"	"ASV_388"	1	1
"ASV_23"	"ASV_39"	1	1
"ASV_23"	"ASV_430"	1	1
"ASV_23"	"ASV_433"	1	1
"ASV_23"	"ASV_44"	1	1
"ASV_23"	"ASV_50"	1	1
"ASV_23"	"ASV_54"	1	1
"ASV_23"	"ASV_544"	1	1
"ASV_23"	"ASV_63"	1	1
"ASV_23"	"ASV_65"	1	1
"ASV_23"	"ASV_66"	1	1
"ASV_23"	"ASV_67"	1	1
"ASV_23"	"ASV_80"	1	1
"ASV_23"	"ASV_82"	1	1
"ASV_23"	"ASV_92"	1	1
"ASV_230"	"ASV_511"	1	1
"ASV_232"	"ASV_235"	1	1
"ASV_233"	"ASV_239"	1	1
"ASV_233"	"ASV_265"	1	1
"ASV_233"	"ASV_268"	1	1
"ASV_233"	"ASV_391"	1	1
"ASV_234"	"ASV_252"	1	1
"ASV_234"	"ASV_625"	1	1
"ASV_234"	"ASV_774"	1	1
"ASV_235"	"ASV_290"	1	1
"ASV_235"	"ASV_350"	1	1
"ASV_237"	"ASV_994"	1	1
"ASV_238"	"ASV_260"	1	1
"ASV_238"	"ASV_329"	1	1
"ASV_238"	"ASV_344"	1	1
"ASV_238"	"ASV_826"	1	1
"ASV_239"	"ASV_398"	-1	2
"ASV_24"	"ASV_101"	1	1
"ASV_24"	"ASV_106"	1	1
"ASV_24"	"ASV_110"	-1	2
"ASV_24"	"ASV_157"	-1	2
"ASV_24"	"ASV_160"	-1	2
"ASV_24"	"ASV_164"	-1	2
"ASV_24"	"ASV_194"	-1	2
"ASV_24"	"ASV_203"	-1	2
"ASV_24"	"ASV_243"	1	1
"ASV_24"	"ASV_250"	1	1
"ASV_24"	"ASV_292"	-1	2
"ASV_24"	"ASV_34"	1	1
"ASV_24"	"ASV_439"	1	1
"ASV_24"	"ASV_65"	-1	2
"ASV_24"	"ASV_655"	1	1
"ASV_24"	"ASV_70"	1	1
"ASV_24"	"ASV_773"	1	1
"ASV_24"	"ASV_78"	-1	2
"ASV_24"	"ASV_89"	-1	2
"ASV_240"	"ASV_292"	1	1
"ASV_240"	"ASV_380"	1	1
"ASV_240"	"ASV_541"	1	1
"ASV_243"	"ASV_256"	1	1
"ASV_245"	"ASV_258"	1	1
"ASV_245"	"ASV_262"	1	1
"ASV_245"	"ASV_306"	1	1
"ASV_246"	"ASV_267"	1	1
"ASV_246"	"ASV_530"	1	1
"ASV_246"	"ASV_842"	1	1
"ASV_247"	"ASV_300"	1	1
"ASV_247"	"ASV_337"	1	1
"ASV_247"	"ASV_446"	1	1
"ASV_25"	"ASV_100"	1	1
"ASV_25"	"ASV_1082"	1	1
"ASV_25"	"ASV_109"	1	1
"ASV_25"	"ASV_147"	-1	2
"ASV_25"	"ASV_156"	1	1
"ASV_25"	"ASV_157"	-1	2
"ASV_25"	"ASV_167"	-1	2
"ASV_25"	"ASV_207"	-1	2
"ASV_25"	"ASV_216"	-1	2
"ASV_25"	"ASV_217"	-1	2
"ASV_25"	"ASV_219"	-1	2
"ASV_25"	"ASV_221"	1	1
"ASV_25"	"ASV_222"	-1	2
"ASV_25"	"ASV_26"	1	1
"ASV_25"	"ASV_260"	-1	2
"ASV_25"	"ASV_27"	-1	2
"ASV_25"	"ASV_306"	-1	2
"ASV_25"	"ASV_372"	-1	2
"ASV_25"	"ASV_374"	-1	2
"ASV_25"	"ASV_381"	-1	2
"ASV_25"	"ASV_394"	1	1
"ASV_25"	"ASV_41"	1	1
"ASV_25"	"ASV_457"	1	1
"ASV_25"	"ASV_52"	1	1
"ASV_25"	"ASV_53"	1	1
"ASV_25"	"ASV_61"	1	1
"ASV_25"	"ASV_613"	-1	2
"ASV_25"	"ASV_88"	1	1
"ASV_250"	"ASV_298"	1	1
"ASV_250"	"ASV_327"	1	1
"ASV_251"	"ASV_259"	1	1
"ASV_251"	"ASV_260"	1	1
"ASV_251"	"ASV_296"	1	1
"ASV_251"	"ASV_306"	1	1
"ASV_251"	"ASV_315"	1	1
"ASV_251"	"ASV_357"	1	1
"ASV_251"	"ASV_450"	1	1
"ASV_251"	"ASV_554"	1	1
"ASV_251"	"ASV_561"	1	1
"ASV_251"	"ASV_613"	1	1
"ASV_251"	"ASV_709"	1	1
"ASV_251"	"ASV_793"	1	1
"ASV_252"	"ASV_1091"	1	1
"ASV_252"	"ASV_267"	1	1
"ASV_252"	"ASV_312"	1	1
"ASV_252"	"ASV_331"	1	1
"ASV_252"	"ASV_650"	1	1
"ASV_255"	"ASV_324"	1	1
"ASV_256"	"ASV_364"	1	1
"ASV_256"	"ASV_485"	1	1
"ASV_256"	"ASV_842"	1	1
"ASV_257"	"ASV_354"	1	1
"ASV_257"	"ASV_469"	1	1
"ASV_258"	"ASV_337"	1	1
"ASV_259"	"ASV_450"	1	1
"ASV_259"	"ASV_519"	1	1
"ASV_26"	"ASV_109"	1	1
"ASV_26"	"ASV_113"	1	1
"ASV_26"	"ASV_117"	-1	2
"ASV_26"	"ASV_121"	1	1
"ASV_26"	"ASV_126"	-1	2
"ASV_26"	"ASV_144"	-1	2
"ASV_26"	"ASV_158"	1	1
"ASV_26"	"ASV_166"	-1	2
"ASV_26"	"ASV_210"	1	1
"ASV_26"	"ASV_217"	-1	2
"ASV_26"	"ASV_234"	1	1
"ASV_26"	"ASV_29"	-1	2
"ASV_26"	"ASV_306"	-1	2
"ASV_26"	"ASV_34"	1	1
"ASV_26"	"ASV_37"	1	1
"ASV_26"	"ASV_382"	-1	2
"ASV_26"	"ASV_408"	1	1
"ASV_26"	"ASV_430"	-1	2
"ASV_26"	"ASV_441"	1	1
"ASV_26"	"ASV_45"	1	1
"ASV_26"	"ASV_529"	-1	2
"ASV_26"	"ASV_530"	1	1
"ASV_26"	"ASV_55"	1	1
"ASV_26"	"ASV_554"	-1	2
"ASV_26"	"ASV_61"	1	1
"ASV_26"	"ASV_638"	-1	2
"ASV_26"	"ASV_729"	1	1
"ASV_26"	"ASV_80"	-1	2
"ASV_26"	"ASV_81"	1	1
"ASV_26"	"ASV_88"	1	1
"ASV_26"	"ASV_917"	-1	2
"ASV_260"	"ASV_1266"	1	1
"ASV_260"	"ASV_1368"	1	1
"ASV_260"	"ASV_1387"	1	1
"ASV_260"	"ASV_392"	1	1
"ASV_260"	"ASV_547"	1	1
"ASV_260"	"ASV_899"	1	1
"ASV_262"	"ASV_297"	1	1
"ASV_262"	"ASV_346"	1	1
"ASV_262"	"ASV_588"	1	1
"ASV_264"	"ASV_788"	1	1
"ASV_265"	"ASV_391"	1	1
"ASV_265"	"ASV_525"	1	1
"ASV_265"	"ASV_816"	1	1
"ASV_265"	"ASV_886"	1	1
"ASV_267"	"ASV_1091"	1	1
"ASV_267"	"ASV_424"	1	1
"ASV_267"	"ASV_429"	1	1
"ASV_268"	"ASV_273"	1	1
"ASV_268"	"ASV_531"	1	1
"ASV_27"	"ASV_105"	-1	2
"ASV_27"	"ASV_116"	1	1
"ASV_27"	"ASV_157"	1	1
"ASV_27"	"ASV_169"	1	1
"ASV_27"	"ASV_199"	1	1
"ASV_27"	"ASV_238"	1	1
"ASV_27"	"ASV_283"	1	1
"ASV_27"	"ASV_30"	1	1
"ASV_27"	"ASV_306"	1	1
"ASV_27"	"ASV_44"	1	1
"ASV_27"	"ASV_78"	1	1
"ASV_270"	"ASV_1087"	1	1
"ASV_270"	"ASV_736"	1	1
"ASV_271"	"ASV_308"	1	1
"ASV_274"	"ASV_1044"	1	1
"ASV_274"	"ASV_290"	1	1
"ASV_274"	"ASV_299"	1	1
"ASV_274"	"ASV_366"	1	1
"ASV_274"	"ASV_379"	1	1
"ASV_274"	"ASV_388"	1	1
"ASV_274"	"ASV_398"	1	1
"ASV_274"	"ASV_494"	1	1
"ASV_274"	"ASV_547"	1	1
"ASV_274"	"ASV_561"	1	1
"ASV_274"	"ASV_571"	1	1
"ASV_274"	"ASV_685"	1	1
"ASV_274"	"ASV_775"	1	1
"ASV_274"	"ASV_974"	1	1
"ASV_277"	"ASV_315"	1	1
"ASV_278"	"ASV_326"	1	1
"ASV_278"	"ASV_431"	1	1
"ASV_278"	"ASV_598"	1	1
"ASV_278"	"ASV_674"	1	1
"ASV_28"	"ASV_116"	1	1
"ASV_28"	"ASV_131"	1	1
"ASV_28"	"ASV_132"	1	1
"ASV_28"	"ASV_140"	1	1
"ASV_28"	"ASV_144"	1	1
"ASV_28"	"ASV_235"	1	1
"ASV_28"	"ASV_29"	1	1
"ASV_28"	"ASV_30"	1	1
"ASV_28"	"ASV_39"	1	1
"ASV_28"	"ASV_41"	-1	2
"ASV_28"	"ASV_44"	1	1
"ASV_28"	"ASV_50"	1	1
"ASV_28"	"ASV_58"	1	1
"ASV_28"	"ASV_61"	-1	2
"ASV_28"	"ASV_625"	1	1
"ASV_28"	"ASV_628"	1	1
"ASV_28"	"ASV_65"	1	1
"ASV_28"	"ASV_66"	1	1
"ASV_28"	"ASV_75"	1	1
"ASV_288"	"ASV_383"	1	1
"ASV_288"	"ASV_495"	1	1
"ASV_289"	"ASV_292"	1	1
"ASV_29"	"ASV_1044"	1	1
"ASV_29"	"ASV_110"	1	1
"ASV_29"	"ASV_116"	1	1
"ASV_29"	"ASV_123"	1	1
"ASV_29"	"ASV_124"	1	1
"ASV_29"	"ASV_139"	1	1
"ASV_29"	"ASV_144"	1	1
"ASV_29"	"ASV_148"	1	1
"ASV_29"	"ASV_182"	-1	2
"ASV_29"	"ASV_186"	1	1
"ASV_29"	"ASV_224"	1	1
"ASV_29"	"ASV_244"	-1	2
"ASV_29"	"ASV_248"	-1	2
"ASV_29"	"ASV_251"	1	1
"ASV_29"	"ASV_260"	1	1
"ASV_29"	"ASV_261"	1	1
"ASV_29"	"ASV_274"	1	1
"ASV_29"	"ASV_277"	1	1
"ASV_29"	"ASV_290"	1	1
"ASV_29"	"ASV_295"	1	1
"ASV_29"	"ASV_299"	1	1
"ASV_29"	"ASV_30"	1	1
"ASV_29"	"ASV_32"	1	1
"ASV_29"	"ASV_37"	-1	2
"ASV_29"	"ASV_382"	1	1
"ASV_29"	"ASV_39"	1	1
"ASV_29"	"ASV_398"	1	1
"ASV_29"	"ASV_406"	1	1
"ASV_29"	"ASV_433"	1	1
"ASV_29"	"ASV_44"	1	1
"ASV_29"	"ASV_45"	-1	2
"ASV_29"	"ASV_450"	1	1
"ASV_29"	"ASV_454"	1	1
"ASV_29"	"ASV_494"	1	1
"ASV_29"	"ASV_50"	1	1
"ASV_29"	"ASV_504"	1	1
"ASV_29"	"ASV_508"	1	1
"ASV_29"	"ASV_529"	1	1
"ASV_29"	"ASV_539"	1	1
"ASV_29"	"ASV_54"	1	1
"ASV_29"	"ASV_554"	1	1
"ASV_29"	"ASV_56"	1	1
"ASV_29"	"ASV_568"	1	1
"ASV_29"	"ASV_58"	1	1
"ASV_29"	"ASV_589"	1	1
"ASV_29"	"ASV_592"	1	1
"ASV_29"	"ASV_613"	1	1
"ASV_29"	"ASV_63"	1	1
"ASV_29"	"ASV_66"	1	1
"ASV_29"	"ASV_67"	1	1
"ASV_29"	"ASV_674"	1	1
"ASV_29"	"ASV_721"	1	1
"ASV_29"	"ASV_758"	1	1
"ASV_29"	"ASV_806"	1	1
"ASV_29"	"ASV_82"	1	1
"ASV_29"	"ASV_864"	1	1
"ASV_29"	"ASV_92"	1	1
"ASV_29"	"ASV_944"	1	1
"ASV_29"	"ASV_962"	1	1
"ASV_29"	"ASV_97"	-1	2
"ASV_290"	"ASV_571"	1	1
"ASV_290"	"ASV_786"	1	1
"ASV_292"	"ASV_304"	1	1
"ASV_296"	"ASV_463"	1	1
"ASV_296"	"ASV_764"	1	1
"ASV_298"	"ASV_325"	1	1
"ASV_298"	"ASV_327"	1	1
"ASV_298"	"ASV_423"	1	1
"ASV_298"	"ASV_578"	1	1
"ASV_299"	"ASV_315"	1	1
"ASV_299"	"ASV_381"	1	1
"ASV_299"	"ASV_495"	1	1
"ASV_3"	"ASV_1063"	-1	2
"ASV_3"	"ASV_1087"	-1	2
"ASV_3"	"ASV_11"	1	1
"ASV_3"	"ASV_113"	1	1
"ASV_3"	"ASV_123"	-1	2
"ASV_3"	"ASV_1266"	-1	2
"ASV_3"	"ASV_139"	-1	2
"ASV_3"	"ASV_15"	1	1
"ASV_3"	"ASV_167"	-1	2
"ASV_3"	"ASV_19"	1	1
"ASV_3"	"ASV_21"	1	1
"ASV_3"	"ASV_216"	-1	2
"ASV_3"	"ASV_24"	1	1
"ASV_3"	"ASV_25"	1	1
"ASV_3"	"ASV_256"	1	1
"ASV_3"	"ASV_26"	1	1
"ASV_3"	"ASV_317"	-1	2
"ASV_3"	"ASV_336"	-1	2
"ASV_3"	"ASV_346"	-1	2
"ASV_3"	"ASV_36"	1	1
"ASV_3"	"ASV_363"	1	1
"ASV_3"	"ASV_39"	-1	2
"ASV_3"	"ASV_445"	-1	2
"ASV_3"	"ASV_472"	1	1
"ASV_3"	"ASV_678"	-1	2
"ASV_3"	"ASV_7"	1	1
"ASV_3"	"ASV_71"	1	1
"ASV_3"	"ASV_728"	-1	2
"ASV_3"	"ASV_752"	-1	2
"ASV_3"	"ASV_82"	-1	2
"ASV_3"	"ASV_842"	1	1
"ASV_3"	"ASV_94"	-1	2
"ASV_30"	"ASV_117"	1	1
"ASV_30"	"ASV_123"	1	1
"ASV_30"	"ASV_151"	1	1
"ASV_30"	"ASV_196"	1	1
"ASV_30"	"ASV_329"	1	1
"ASV_30"	"ASV_39"	1	1
"ASV_30"	"ASV_45"	-1	2
"ASV_30"	"ASV_50"	1	1
"ASV_30"	"ASV_54"	1	1
"ASV_30"	"ASV_58"	1	1
"ASV_30"	"ASV_63"	1	1
"ASV_30"	"ASV_65"	1	1
"ASV_30"	"ASV_67"	1	1
"ASV_30"	"ASV_723"	1	1
"ASV_30"	"ASV_752"	1	1
"ASV_30"	"ASV_781"	1	1
"ASV_30"	"ASV_95"	1	1
"ASV_302"	"ASV_519"	1	1
"ASV_302"	"ASV_826"	1	1
"ASV_306"	"ASV_388"	1	1
"ASV_306"	"ASV_685"	1	1
"ASV_31"	"ASV_116"	-1	2
"ASV_31"	"ASV_140"	-1	2
"ASV_31"	"ASV_144"	-1	2
"ASV_31"	"ASV_172"	1	1
"ASV_31"	"ASV_255"	1	1
"ASV_31"	"ASV_265"	1	1
"ASV_31"	"ASV_34"	1	1
"ASV_31"	"ASV_40"	1	1
"ASV_31"	"ASV_42"	1	1
"ASV_31"	"ASV_45"	-1	2
"ASV_31"	"ASV_47"	1	1
"ASV_31"	"ASV_51"	1	1
"ASV_31"	"ASV_555"	1	1
"ASV_31"	"ASV_62"	1	1
"ASV_31"	"ASV_854"	1	1
"ASV_311"	"ASV_376"	1	1
"ASV_311"	"ASV_540"	1	1
"ASV_315"	"ASV_381"	1	1
"ASV_315"	"ASV_450"	1	1
"ASV_315"	"ASV_561"	1	1
"ASV_32"	"ASV_110"	1	1
"ASV_32"	"ASV_112"	1	1
"ASV_32"	"ASV_146"	1	1
"ASV_32"	"ASV_255"	-1	2
"ASV_32"	"ASV_262"	-1	2
"ASV_32"	"ASV_276"	-1	2
"ASV_32"	"ASV_278"	1	1
"ASV_32"	"ASV_338"	1	1
"ASV_32"	"ASV_34"	1	1
"ASV_32"	"ASV_39"	1	1
"ASV_32"	"ASV_480"	-1	2
"ASV_32"	"ASV_54"	1	1
"ASV_32"	"ASV_563"	1	1
"ASV_32"	"ASV_58"	1	1
"ASV_32"	"ASV_672"	1	1
"ASV_32"	"ASV_680"	1	1
"ASV_32"	"ASV_816"	1	1
"ASV_32"	"ASV_886"	1	1
"ASV_32"	"ASV_90"	1	1
"ASV_32"	"ASV_92"	1	1
"ASV_32"	"ASV_962"	1	1
"ASV_324"	"ASV_451"	1	1
"ASV_325"	"ASV_611"	1	1
"ASV_326"	"ASV_381"	-1	2
"ASV_326"	"ASV_598"	1	1
"ASV_326"	"ASV_605"	1	1
"ASV_326"	"ASV_706"	1	1
"ASV_326"	"ASV_733"	1	1
"ASV_326"	"ASV_978"	1	1
"ASV_327"	"ASV_423"	1	1
"ASV_33"	"ASV_1071"	1	1
"ASV_33"	"ASV_237"	1	1
"ASV_33"	"ASV_395"	1	1
"ASV_339"	"ASV_554"	1	1
"ASV_34"	"ASV_104"	1	1
"ASV_34"	"ASV_121"	1	1
"ASV_34"	"ASV_168"	1	1
"ASV_34"	"ASV_178"	1	1
"ASV_34"	"ASV_189"	1	1
"ASV_34"	"ASV_245"	-1	2
"ASV_34"	"ASV_325"	1	1
"ASV_34"	"ASV_348"	1	1
"ASV_34"	"ASV_408"	1	1
"ASV_34"	"ASV_524"	1	1
"ASV_340"	"ASV_710"	1	1
"ASV_347"	"ASV_376"	1	1
"ASV_347"	"ASV_662"	1	1
"ASV_35"	"ASV_101"	1	1
"ASV_35"	"ASV_104"	1	1
"ASV_35"	"ASV_1082"	1	1
"ASV_35"	"ASV_1134"	1	1
"ASV_35"	"ASV_122"	1	1
"ASV_35"	"ASV_125"	1	1
"ASV_35"	"ASV_189"	1	1
"ASV_35"	"ASV_219"	-1	2
"ASV_35"	"ASV_225"	-1	2
"ASV_35"	"ASV_227"	1	1
"ASV_35"	"ASV_446"	-1	2
"ASV_35"	"ASV_451"	1	1
"ASV_35"	"ASV_51"	1	1
"ASV_35"	"ASV_559"	1	1
"ASV_35"	"ASV_571"	-1	2
"ASV_35"	"ASV_702"	1	1
"ASV_35"	"ASV_72"	1	1
"ASV_35"	"ASV_76"	1	1
"ASV_35"	"ASV_992"	1	1
"ASV_357"	"ASV_554"	1	1
"ASV_36"	"ASV_151"	-1	2
"ASV_36"	"ASV_159"	1	1
"ASV_36"	"ASV_236"	1	1
"ASV_36"	"ASV_279"	1	1
"ASV_36"	"ASV_37"	1	1
"ASV_36"	"ASV_87"	1	1
"ASV_37"	"ASV_112"	-1	2
"ASV_37"	"ASV_120"	1	1
"ASV_37"	"ASV_135"	1	1
"ASV_37"	"ASV_150"	1	1
"ASV_37"	"ASV_156"	1	1
"ASV_37"	"ASV_173"	1	1
"ASV_37"	"ASV_203"	1	1
"ASV_37"	"ASV_230"	1	1
"ASV_37"	"ASV_233"	1	1
"ASV_37"	"ASV_234"	1	1
"ASV_37"	"ASV_236"	1	1
"ASV_37"	"ASV_246"	1	1
"ASV_37"	"ASV_265"	1	1
"ASV_37"	"ASV_268"	1	1
"ASV_37"	"ASV_347"	1	1
"ASV_37"	"ASV_348"	1	1
"ASV_37"	"ASV_376"	1	1
"ASV_37"	"ASV_421"	1	1
"ASV_37"	"ASV_422"	1	1
"ASV_37"	"ASV_423"	1	1
"ASV_37"	"ASV_45"	1	1
"ASV_37"	"ASV_486"	1	1
"ASV_37"	"ASV_624"	1	1
"ASV_37"	"ASV_636"	1	1
"ASV_37"	"ASV_64"	1	1
"ASV_37"	"ASV_662"	1	1
"ASV_37"	"ASV_70"	1	1
"ASV_37"	"ASV_740"	1	1
"ASV_374"	"ASV_419"	1	1
"ASV_376"	"ASV_486"	1	1
"ASV_376"	"ASV_540"	1	1
"ASV_379"	"ASV_430"	1	1
"ASV_379"	"ASV_786"	1	1
"ASV_38"	"ASV_100"	1	1
"ASV_38"	"ASV_175"	1	1
"ASV_38"	"ASV_178"	1	1
"ASV_38"	"ASV_248"	1	1
"ASV_38"	"ASV_325"	1	1
"ASV_38"	"ASV_326"	1	1
"ASV_38"	"ASV_337"	-1	2
"ASV_38"	"ASV_399"	1	1
"ASV_38"	"ASV_42"	1	1
"ASV_38"	"ASV_45"	-1	2
"ASV_38"	"ASV_49"	1	1
"ASV_38"	"ASV_51"	1	1
"ASV_38"	"ASV_64"	1	1
"ASV_38"	"ASV_650"	1	1
"ASV_38"	"ASV_756"	-1	2
"ASV_38"	"ASV_782"	1	1
"ASV_38"	"ASV_99"	1	1
"ASV_381"	"ASV_421"	-1	2
"ASV_381"	"ASV_701"	-1	2
"ASV_383"	"ASV_685"	1	1
"ASV_383"	"ASV_775"	1	1
"ASV_386"	"ASV_424"	1	1
"ASV_386"	"ASV_444"	1	1
"ASV_388"	"ASV_392"	1	1
"ASV_388"	"ASV_494"	1	1
"ASV_388"	"ASV_685"	1	1
"ASV_39"	"ASV_112"	1	1
"ASV_39"	"ASV_1207"	1	1
"ASV_39"	"ASV_196"	1	1
"ASV_39"	"ASV_332"	1	1
"ASV_39"	"ASV_432"	1	1
"ASV_39"	"ASV_44"	1	1
"ASV_39"	"ASV_446"	1	1
"ASV_39"	"ASV_465"	1	1
"ASV_39"	"ASV_543"	1	1
"ASV_39"	"ASV_583"	1	1
"ASV_39"	"ASV_60"	1	1
"ASV_39"	"ASV_635"	1	1
"ASV_39"	"ASV_65"	1	1
"ASV_39"	"ASV_67"	1	1
"ASV_39"	"ASV_99"	1	1
"ASV_391"	"ASV_650"	1	1
"ASV_398"	"ASV_547"	1	1
"ASV_398"	"ASV_613"	1	1
"ASV_398"	"ASV_913"	1	1
"ASV_4"	"ASV_11"	-1	2
"ASV_4"	"ASV_13"	1	1
"ASV_4"	"ASV_134"	1	1
"ASV_4"	"ASV_14"	-1	2
"ASV_4"	"ASV_1441"	1	1
"ASV_4"	"ASV_1454"	1	1
"ASV_4"	"ASV_17"	1	1
"ASV_4"	"ASV_174"	1	1
"ASV_4"	"ASV_294"	1	1
"ASV_4"	"ASV_320"	1	1
"ASV_4"	"ASV_333"	1	1
"ASV_4"	"ASV_37"	-1	2
"ASV_4"	"ASV_44"	1	1
"ASV_4"	"ASV_45"	-1	2
"ASV_4"	"ASV_81"	-1	2
"ASV_4"	"ASV_83"	1	1
"ASV_4"	"ASV_84"	1	1
"ASV_4"	"ASV_85"	-1	2
"ASV_4"	"ASV_93"	1	1
"ASV_40"	"ASV_162"	1	1
"ASV_40"	"ASV_396"	-1	2
"ASV_40"	"ASV_43"	1	1
"ASV_40"	"ASV_531"	1	1
"ASV_40"	"ASV_721"	-1	2
"ASV_401"	"ASV_648"	1	1
"ASV_401"	"ASV_763"	1	1
"ASV_405"	"ASV_426"	1	1
"ASV_407"	"ASV_431"	1	1
"ASV_41"	"ASV_101"	1	1
"ASV_41"	"ASV_1087"	1	1
"ASV_41"	"ASV_114"	1	1
"ASV_41"	"ASV_142"	1	1
"ASV_41"	"ASV_168"	1	1
"ASV_41"	"ASV_208"	1	1
"ASV_41"	"ASV_258"	-1	2
"ASV_41"	"ASV_504"	-1	2
"ASV_41"	"ASV_605"	-1	2
"ASV_41"	"ASV_655"	1	1
"ASV_41"	"ASV_736"	1	1
"ASV_41"	"ASV_96"	-1	2
"ASV_42"	"ASV_107"	1	1
"ASV_42"	"ASV_130"	1	1
"ASV_42"	"ASV_135"	1	1
"ASV_42"	"ASV_160"	1	1
"ASV_42"	"ASV_175"	1	1
"ASV_42"	"ASV_219"	1	1
"ASV_42"	"ASV_224"	1	1
"ASV_42"	"ASV_296"	1	1
"ASV_42"	"ASV_310"	1	1
"ASV_42"	"ASV_441"	1	1
"ASV_42"	"ASV_661"	1	1
"ASV_42"	"ASV_763"	1	1
"ASV_42"	"ASV_864"	1	1
"ASV_42"	"ASV_89"	1	1
"ASV_423"	"ASV_456"	1	1
"ASV_423"	"ASV_863"	1	1
"ASV_43"	"ASV_108"	1	1
"ASV_43"	"ASV_128"	-1	2
"ASV_43"	"ASV_150"	1	1
"ASV_43"	"ASV_154"	1	1
"ASV_43"	"ASV_285"	1	1
"ASV_43"	"ASV_311"	1	1
"ASV_43"	"ASV_315"	-1	2
"ASV_43"	"ASV_338"	1	1
"ASV_43"	"ASV_347"	1	1
"ASV_43"	"ASV_364"	1	1
"ASV_43"	"ASV_54"	-1	2
"ASV_43"	"ASV_55"	1	1
"ASV_43"	"ASV_64"	1	1
"ASV_43"	"ASV_86"	1	1
"ASV_43"	"ASV_90"	-1	2
"ASV_44"	"ASV_130"	1	1
"ASV_44"	"ASV_140"	1	1
"ASV_44"	"ASV_147"	1	1
"ASV_44"	"ASV_154"	-1	2
"ASV_44"	"ASV_364"	1	1
"ASV_44"	"ASV_412"	1	1
"ASV_44"	"ASV_476"	1	1
"ASV_44"	"ASV_61"	-1	2
"ASV_44"	"ASV_65"	1	1
"ASV_44"	"ASV_66"	1	1
"ASV_44"	"ASV_67"	1	1
"ASV_44"	"ASV_672"	1	1
"ASV_44"	"ASV_699"	1	1
"ASV_44"	"ASV_707"	1	1
"ASV_44"	"ASV_845"	1	1
"ASV_44"	"ASV_974"	1	1
"ASV_44"	"ASV_981"	1	1
"ASV_441"	"ASV_650"	1	1
"ASV_441"	"ASV_862"	1	1
"ASV_444"	"ASV_451"	1	1
"ASV_444"	"ASV_774"	1	1
"ASV_45"	"ASV_125"	1	1
"ASV_45"	"ASV_128"	-1	2
"ASV_45"	"ASV_131"	1	1
"ASV_45"	"ASV_161"	1	1
"ASV_45"	"ASV_202"	1	1
"ASV_45"	"ASV_224"	1	1
"ASV_45"	"ASV_264"	1	1
"ASV_45"	"ASV_270"	1	1
"ASV_45"	"ASV_421"	1	1
"ASV_45"	"ASV_423"	1	1
"ASV_45"	"ASV_61"	1	1
"ASV_45"	"ASV_67"	-1	2
"ASV_45"	"ASV_81"	1	1
"ASV_45"	"ASV_88"	1	1
"ASV_45"	"ASV_91"	1	1
"ASV_451"	"ASV_587"	1	1
"ASV_46"	"ASV_146"	1	1
"ASV_46"	"ASV_173"	1	1
"ASV_46"	"ASV_226"	1	1
"ASV_46"	"ASV_255"	1	1
"ASV_460"	"ASV_492"	1	1
"ASV_47"	"ASV_169"	1	1
"ASV_47"	"ASV_215"	1	1
"ASV_47"	"ASV_232"	1	1
"ASV_48"	"ASV_100"	1	1
"ASV_48"	"ASV_154"	1	1
"ASV_48"	"ASV_178"	1	1
"ASV_48"	"ASV_187"	1	1
"ASV_48"	"ASV_258"	-1	2
"ASV_48"	"ASV_429"	1	1
"ASV_48"	"ASV_49"	1	1
"ASV_48"	"ASV_57"	1	1
"ASV_48"	"ASV_72"	-1	2
"ASV_48"	"ASV_91"	1	1
"ASV_48"	"ASV_94"	1	1
"ASV_486"	"ASV_597"	1	1
"ASV_486"	"ASV_769"	1	1
"ASV_49"	"ASV_109"	1	1
"ASV_49"	"ASV_119"	1	1
"ASV_49"	"ASV_122"	1	1
"ASV_49"	"ASV_138"	1	1
"ASV_49"	"ASV_142"	1	1
"ASV_49"	"ASV_180"	1	1
"ASV_49"	"ASV_246"	1	1
"ASV_49"	"ASV_370"	1	1
"ASV_49"	"ASV_441"	1	1
"ASV_49"	"ASV_55"	1	1
"ASV_49"	"ASV_59"	1	1
"ASV_49"	"ASV_62"	1	1
"ASV_49"	"ASV_705"	1	1
"ASV_49"	"ASV_87"	1	1
"ASV_492"	"ASV_500"	1	1
"ASV_494"	"ASV_1220"	1	1
"ASV_494"	"ASV_547"	1	1
"ASV_495"	"ASV_1042"	1	1
"ASV_495"	"ASV_1213"	1	1
"ASV_495"	"ASV_1404"	1	1
"ASV_495"	"ASV_672"	1	1
"ASV_495"	"ASV_685"	1	1
"ASV_495"	"ASV_974"	1	1
"ASV_5"	"ASV_11"	1	1
"ASV_5"	"ASV_1109"	-1	2
"ASV_5"	"ASV_122"	1	1
"ASV_5"	"ASV_134"	1	1
"ASV_5"	"ASV_139"	-1	2
"ASV_5"	"ASV_15"	1	1
"ASV_5"	"ASV_163"	-1	2
"ASV_5"	"ASV_166"	-1	2
"ASV_5"	"ASV_177"	-1	2
"ASV_5"	"ASV_180"	-1	2
"ASV_5"	"ASV_19"	1	1
"ASV_5"	"ASV_193"	1	1
"ASV_5"	"ASV_195"	1	1
"ASV_5"	"ASV_240"	-1	2
"ASV_5"	"ASV_25"	1	1
"ASV_5"	"ASV_274"	-1	2
"ASV_5"	"ASV_327"	1	1
"ASV_5"	"ASV_337"	-1	2
"ASV_5"	"ASV_35"	1	1
"ASV_5"	"ASV_350"	-1	2
"ASV_5"	"ASV_386"	1	1
"ASV_5"	"ASV_388"	-1	2
"ASV_5"	"ASV_445"	-1	2
"ASV_5"	"ASV_45"	1	1
"ASV_5"	"ASV_46"	1	1
"ASV_5"	"ASV_47"	-1	2
"ASV_5"	"ASV_51"	1	1
"ASV_5"	"ASV_53"	1	1
"ASV_5"	"ASV_573"	-1	2
"ASV_5"	"ASV_592"	-1	2
"ASV_5"	"ASV_6"	1	1
"ASV_5"	"ASV_619"	-1	2
"ASV_5"	"ASV_633"	-1	2
"ASV_5"	"ASV_66"	-1	2
"ASV_5"	"ASV_697"	-1	2
"ASV_5"	"ASV_70"	1	1
"ASV_5"	"ASV_78"	-1	2
"ASV_5"	"ASV_852"	-1	2
"ASV_5"	"ASV_91"	1	1
"ASV_5"	"ASV_941"	1	1
"ASV_50"	"ASV_117"	1	1
"ASV_50"	"ASV_120"	-1	2
"ASV_50"	"ASV_139"	1	1
"ASV_50"	"ASV_209"	1	1
"ASV_50"	"ASV_213"	1	1
"ASV_50"	"ASV_54"	1	1
"ASV_50"	"ASV_84"	1	1
"ASV_502"	"ASV_1089"	1	1
"ASV_502"	"ASV_1093"	1	1
"ASV_509"	"ASV_605"	1	1
"ASV_509"	"ASV_701"	1	1
"ASV_51"	"ASV_101"	1	1
"ASV_51"	"ASV_125"	1	1
"ASV_51"	"ASV_156"	1	1
"ASV_51"	"ASV_224"	1	1
"ASV_51"	"ASV_250"	1	1
"ASV_51"	"ASV_396"	-1	2
"ASV_51"	"ASV_498"	1	1
"ASV_51"	"ASV_519"	1	1
"ASV_51"	"ASV_60"	1	1
"ASV_51"	"ASV_624"	1	1
"ASV_51"	"ASV_670"	1	1
"ASV_51"	"ASV_68"	1	1
"ASV_51"	"ASV_685"	-1	2
"ASV_51"	"ASV_71"	1	1
"ASV_51"	"ASV_959"	1	1
"ASV_52"	"ASV_125"	1	1
"ASV_52"	"ASV_138"	1	1
"ASV_52"	"ASV_142"	1	1
"ASV_52"	"ASV_144"	-1	2
"ASV_52"	"ASV_153"	-1	2
"ASV_52"	"ASV_156"	1	1
"ASV_52"	"ASV_189"	1	1
"ASV_52"	"ASV_258"	-1	2
"ASV_52"	"ASV_304"	-1	2
"ASV_52"	"ASV_332"	-1	2
"ASV_52"	"ASV_71"	1	1
"ASV_52"	"ASV_72"	1	1
"ASV_52"	"ASV_76"	1	1
"ASV_52"	"ASV_91"	1	1
"ASV_53"	"ASV_109"	1	1
"ASV_53"	"ASV_130"	-1	2
"ASV_53"	"ASV_168"	1	1
"ASV_53"	"ASV_172"	-1	2
"ASV_53"	"ASV_178"	-1	2
"ASV_53"	"ASV_253"	1	1
"ASV_53"	"ASV_256"	1	1
"ASV_53"	"ASV_267"	-1	2
"ASV_53"	"ASV_578"	1	1
"ASV_53"	"ASV_611"	1	1
"ASV_53"	"ASV_81"	1	1
"ASV_53"	"ASV_85"	1	1
"ASV_539"	"ASV_913"	1	1
"ASV_54"	"ASV_112"	1	1
"ASV_54"	"ASV_123"	1	1
"ASV_54"	"ASV_124"	1	1
"ASV_54"	"ASV_139"	1	1
"ASV_54"	"ASV_148"	1	1
"ASV_54"	"ASV_155"	1	1
"ASV_54"	"ASV_157"	1	1
"ASV_54"	"ASV_185"	1	1
"ASV_54"	"ASV_225"	1	1
"ASV_54"	"ASV_258"	1	1
"ASV_54"	"ASV_259"	1	1
"ASV_54"	"ASV_260"	1	1
"ASV_54"	"ASV_304"	1	1
"ASV_54"	"ASV_315"	1	1
"ASV_54"	"ASV_356"	1	1
"ASV_54"	"ASV_357"	1	1
"ASV_54"	"ASV_599"	1	1
"ASV_54"	"ASV_609"	1	1
"ASV_54"	"ASV_613"	1	1
"ASV_54"	"ASV_66"	1	1
"ASV_54"	"ASV_793"	1	1
"ASV_54"	"ASV_82"	1	1
"ASV_54"	"ASV_884"	1	1
"ASV_54"	"ASV_92"	1	1
"ASV_547"	"ASV_1404"	1	1
"ASV_547"	"ASV_838"	1	1
"ASV_55"	"ASV_100"	1	1
"ASV_55"	"ASV_104"	1	1
"ASV_55"	"ASV_114"	1	1
"ASV_55"	"ASV_121"	1	1
"ASV_55"	"ASV_159"	1	1
"ASV_55"	"ASV_178"	1	1
"ASV_55"	"ASV_189"	1	1
"ASV_55"	"ASV_233"	1	1
"ASV_55"	"ASV_284"	1	1
"ASV_55"	"ASV_292"	-1	2
"ASV_55"	"ASV_306"	-1	2
"ASV_55"	"ASV_394"	1	1
"ASV_55"	"ASV_483"	1	1
"ASV_55"	"ASV_524"	1	1
"ASV_55"	"ASV_59"	1	1
"ASV_55"	"ASV_62"	1	1
"ASV_55"	"ASV_707"	-1	2
"ASV_55"	"ASV_842"	1	1
"ASV_55"	"ASV_855"	1	1
"ASV_55"	"ASV_91"	1	1
"ASV_56"	"ASV_469"	1	1
"ASV_56"	"ASV_479"	1	1
"ASV_57"	"ASV_103"	1	1
"ASV_57"	"ASV_111"	1	1
"ASV_57"	"ASV_114"	1	1
"ASV_57"	"ASV_189"	-1	2
"ASV_57"	"ASV_204"	-1	2
"ASV_57"	"ASV_659"	1	1
"ASV_57"	"ASV_75"	1	1
"ASV_57"	"ASV_93"	1	1
"ASV_57"	"ASV_98"	1	1
"ASV_58"	"ASV_1036"	1	1
"ASV_58"	"ASV_110"	1	1
"ASV_58"	"ASV_1104"	1	1
"ASV_58"	"ASV_117"	1	1
"ASV_58"	"ASV_124"	1	1
"ASV_58"	"ASV_148"	1	1
"ASV_58"	"ASV_153"	1	1
"ASV_58"	"ASV_220"	1	1
"ASV_58"	"ASV_238"	1	1
"ASV_58"	"ASV_344"	1	1
"ASV_58"	"ASV_383"	1	1
"ASV_58"	"ASV_398"	1	1
"ASV_58"	"ASV_613"	1	1
"ASV_58"	"ASV_65"	1	1
"ASV_58"	"ASV_685"	1	1
"ASV_59"	"ASV_103"	1	1
"ASV_59"	"ASV_106"	-1	2
"ASV_59"	"ASV_109"	1	1
"ASV_59"	"ASV_115"	1	1
"ASV_59"	"ASV_133"	1	1
"ASV_59"	"ASV_155"	-1	2
"ASV_59"	"ASV_217"	-1	2
"ASV_59"	"ASV_245"	-1	2
"ASV_59"	"ASV_258"	-1	2
"ASV_59"	"ASV_271"	1	1
"ASV_59"	"ASV_329"	-1	2
"ASV_59"	"ASV_342"	1	1
"ASV_59"	"ASV_421"	1	1
"ASV_59"	"ASV_645"	-1	2
"ASV_59"	"ASV_73"	1	1
"ASV_59"	"ASV_863"	1	1
"ASV_59"	"ASV_99"	1	1
"ASV_598"	"ASV_605"	1	1
"ASV_598"	"ASV_701"	1	1
"ASV_6"	"ASV_106"	-1	2
"ASV_6"	"ASV_11"	1	1
"ASV_6"	"ASV_116"	-1	2
"ASV_6"	"ASV_133"	-1	2
"ASV_6"	"ASV_136"	1	1
"ASV_6"	"ASV_139"	-1	2
"ASV_6"	"ASV_14"	1	1
"ASV_6"	"ASV_168"	1	1
"ASV_6"	"ASV_178"	1	1
"ASV_6"	"ASV_19"	1	1
"ASV_6"	"ASV_201"	1	1
"ASV_6"	"ASV_204"	1	1
"ASV_6"	"ASV_230"	1	1
"ASV_6"	"ASV_234"	1	1
"ASV_6"	"ASV_25"	1	1
"ASV_6"	"ASV_26"	1	1
"ASV_6"	"ASV_285"	1	1
"ASV_6"	"ASV_41"	1	1
"ASV_6"	"ASV_43"	1	1
"ASV_6"	"ASV_441"	1	1
"ASV_6"	"ASV_47"	-1	2
"ASV_6"	"ASV_554"	-1	2
"ASV_6"	"ASV_72"	1	1
"ASV_6"	"ASV_737"	-1	2
"ASV_6"	"ASV_79"	-1	2
"ASV_6"	"ASV_86"	1	1
"ASV_60"	"ASV_142"	1	1
"ASV_60"	"ASV_218"	1	1
"ASV_60"	"ASV_271"	1	1
"ASV_60"	"ASV_287"	1	1
"ASV_60"	"ASV_547"	-1	2
"ASV_60"	"ASV_580"	1	1
"ASV_60"	"ASV_68"	1	1
"ASV_60"	"ASV_740"	-1	2
"ASV_60"	"ASV_763"	1	1
"ASV_60"	"ASV_83"	1	1
"ASV_60"	"ASV_886"	1	1
"ASV_605"	"ASV_701"	1	1
"ASV_61"	"ASV_105"	1	1
"ASV_61"	"ASV_182"	1	1
"ASV_61"	"ASV_203"	-1	2
"ASV_61"	"ASV_208"	1	1
"ASV_61"	"ASV_472"	1	1
"ASV_61"	"ASV_758"	-1	2
"ASV_61"	"ASV_81"	1	1
"ASV_61"	"ASV_82"	-1	2
"ASV_61"	"ASV_86"	1	1
"ASV_61"	"ASV_97"	1	1
"ASV_611"	"ASV_624"	1	1
"ASV_62"	"ASV_104"	1	1
"ASV_62"	"ASV_125"	-1	2
"ASV_62"	"ASV_145"	1	1
"ASV_62"	"ASV_268"	1	1
"ASV_62"	"ASV_288"	-1	2
"ASV_62"	"ASV_424"	1	1
"ASV_62"	"ASV_546"	1	1
"ASV_62"	"ASV_559"	-1	2
"ASV_62"	"ASV_85"	1	1
"ASV_63"	"ASV_142"	-1	2
"ASV_63"	"ASV_261"	1	1
"ASV_63"	"ASV_65"	1	1
"ASV_64"	"ASV_109"	1	1
"ASV_64"	"ASV_122"	1	1
"ASV_64"	"ASV_131"	1	1
"ASV_64"	"ASV_205"	1	1
"ASV_64"	"ASV_260"	-1	2
"ASV_64"	"ASV_327"	1	1
"ASV_64"	"ASV_72"	1	1
"ASV_641"	"ASV_685"	1	1
"ASV_65"	"ASV_246"	1	1
"ASV_65"	"ASV_247"	1	1
"ASV_65"	"ASV_291"	1	1
"ASV_65"	"ASV_304"	1	1
"ASV_65"	"ASV_457"	1	1
"ASV_65"	"ASV_641"	1	1
"ASV_65"	"ASV_707"	1	1
"ASV_65"	"ASV_80"	1	1
"ASV_66"	"ASV_112"	1	1
"ASV_66"	"ASV_157"	1	1
"ASV_66"	"ASV_213"	1	1
"ASV_66"	"ASV_238"	1	1
"ASV_66"	"ASV_251"	1	1
"ASV_66"	"ASV_258"	1	1
"ASV_66"	"ASV_504"	1	1
"ASV_66"	"ASV_678"	1	1
"ASV_66"	"ASV_72"	-1	2
"ASV_66"	"ASV_723"	1	1
"ASV_66"	"ASV_80"	1	1
"ASV_66"	"ASV_96"	1	1
"ASV_67"	"ASV_107"	1	1
"ASV_67"	"ASV_110"	1	1
"ASV_67"	"ASV_157"	1	1
"ASV_67"	"ASV_419"	1	1
"ASV_67"	"ASV_503"	-1	2
"ASV_67"	"ASV_560"	1	1
"ASV_67"	"ASV_913"	1	1
"ASV_67"	"ASV_989"	1	1
"ASV_68"	"ASV_124"	-1	2
"ASV_68"	"ASV_125"	1	1
"ASV_68"	"ASV_1282"	1	1
"ASV_68"	"ASV_494"	-1	2
"ASV_68"	"ASV_79"	1	1
"ASV_685"	"ASV_800"	1	1
"ASV_69"	"ASV_137"	1	1
"ASV_69"	"ASV_374"	-1	2
"ASV_7"	"ASV_125"	1	1
"ASV_7"	"ASV_126"	-1	2
"ASV_7"	"ASV_142"	1	1
"ASV_7"	"ASV_15"	1	1
"ASV_7"	"ASV_159"	1	1
"ASV_7"	"ASV_161"	1	1
"ASV_7"	"ASV_18"	1	1
"ASV_7"	"ASV_183"	1	1
"ASV_7"	"ASV_24"	1	1
"ASV_7"	"ASV_25"	1	1
"ASV_7"	"ASV_288"	-1	2
"ASV_7"	"ASV_373"	1	1
"ASV_7"	"ASV_38"	1	1
"ASV_7"	"ASV_41"	1	1
"ASV_7"	"ASV_49"	1	1
"ASV_7"	"ASV_51"	1	1
"ASV_7"	"ASV_52"	1	1
"ASV_7"	"ASV_64"	-1	2
"ASV_7"	"ASV_711"	1	1
"ASV_7"	"ASV_800"	-1	2
"ASV_7"	"ASV_85"	1	1
"ASV_7"	"ASV_86"	1	1
"ASV_7"	"ASV_868"	1	1
"ASV_70"	"ASV_113"	1	1
"ASV_70"	"ASV_117"	-1	2
"ASV_70"	"ASV_135"	1	1
"ASV_70"	"ASV_136"	1	1
"ASV_70"	"ASV_142"	1	1
"ASV_70"	"ASV_203"	1	1
"ASV_70"	"ASV_213"	-1	2
"ASV_70"	"ASV_265"	1	1
"ASV_70"	"ASV_270"	1	1
"ASV_70"	"ASV_372"	-1	2
"ASV_70"	"ASV_757"	1	1
"ASV_70"	"ASV_76"	1	1
"ASV_70"	"ASV_81"	1	1
"ASV_701"	"ASV_706"	1	1
"ASV_71"	"ASV_124"	-1	2
"ASV_71"	"ASV_144"	-1	2
"ASV_71"	"ASV_194"	-1	2
"ASV_71"	"ASV_207"	-1	2
"ASV_71"	"ASV_228"	1	1
"ASV_71"	"ASV_235"	-1	2
"ASV_71"	"ASV_245"	-1	2
"ASV_71"	"ASV_271"	1	1
"ASV_71"	"ASV_303"	1	1
"ASV_71"	"ASV_636"	1	1
"ASV_71"	"ASV_73"	1	1
"ASV_71"	"ASV_81"	1	1
"ASV_71"	"ASV_91"	1	1
"ASV_72"	"ASV_103"	1	1
"ASV_72"	"ASV_133"	1	1
"ASV_72"	"ASV_282"	1	1
"ASV_72"	"ASV_415"	1	1
"ASV_73"	"ASV_113"	1	1
"ASV_73"	"ASV_138"	1	1
"ASV_73"	"ASV_156"	1	1
"ASV_73"	"ASV_161"	1	1
"ASV_73"	"ASV_182"	1	1
"ASV_73"	"ASV_202"	1	1
"ASV_73"	"ASV_219"	-1	2
"ASV_73"	"ASV_294"	1	1
"ASV_73"	"ASV_636"	1	1
"ASV_73"	"ASV_722"	1	1
"ASV_74"	"ASV_304"	-1	2
"ASV_75"	"ASV_163"	1	1
"ASV_75"	"ASV_212"	1	1
"ASV_75"	"ASV_237"	1	1
"ASV_75"	"ASV_375"	1	1
"ASV_75"	"ASV_388"	1	1
"ASV_75"	"ASV_468"	1	1
"ASV_75"	"ASV_578"	1	1
"ASV_75"	"ASV_584"	1	1
"ASV_75"	"ASV_681"	1	1
"ASV_75"	"ASV_80"	1	1
"ASV_75"	"ASV_96"	1	1
"ASV_758"	"ASV_1048"	1	1
"ASV_76"	"ASV_190"	1	1
"ASV_76"	"ASV_284"	1	1
"ASV_76"	"ASV_610"	1	1
"ASV_77"	"ASV_124"	-1	2
"ASV_77"	"ASV_81"	1	1
"ASV_77"	"ASV_92"	-1	2
"ASV_78"	"ASV_126"	1	1
"ASV_78"	"ASV_134"	1	1
"ASV_78"	"ASV_162"	1	1
"ASV_78"	"ASV_193"	1	1
"ASV_78"	"ASV_195"	1	1
"ASV_78"	"ASV_199"	1	1
"ASV_78"	"ASV_215"	1	1
"ASV_78"	"ASV_343"	1	1
"ASV_78"	"ASV_417"	1	1
"ASV_79"	"ASV_159"	1	1
"ASV_79"	"ASV_205"	1	1
"ASV_79"	"ASV_648"	1	1
"ASV_79"	"ASV_84"	1	1
"ASV_8"	"ASV_1009"	1	1
"ASV_8"	"ASV_108"	-1	2
"ASV_8"	"ASV_1083"	1	1
"ASV_8"	"ASV_116"	1	1
"ASV_8"	"ASV_1202"	1	1
"ASV_8"	"ASV_1353"	1	1
"ASV_8"	"ASV_139"	1	1
"ASV_8"	"ASV_1390"	1	1
"ASV_8"	"ASV_14"	-1	2
"ASV_8"	"ASV_144"	1	1
"ASV_8"	"ASV_15"	1	1
"ASV_8"	"ASV_152"	1	1
"ASV_8"	"ASV_16"	-1	2
"ASV_8"	"ASV_164"	1	1
"ASV_8"	"ASV_167"	1	1
"ASV_8"	"ASV_175"	1	1
"ASV_8"	"ASV_177"	1	1
"ASV_8"	"ASV_186"	1	1
"ASV_8"	"ASV_190"	1	1
"ASV_8"	"ASV_263"	-1	2
"ASV_8"	"ASV_274"	1	1
"ASV_8"	"ASV_276"	1	1
"ASV_8"	"ASV_277"	1	1
"ASV_8"	"ASV_278"	1	1
"ASV_8"	"ASV_296"	1	1
"ASV_8"	"ASV_30"	1	1
"ASV_8"	"ASV_315"	1	1
"ASV_8"	"ASV_321"	1	1
"ASV_8"	"ASV_329"	1	1
"ASV_8"	"ASV_337"	1	1
"ASV_8"	"ASV_366"	1	1
"ASV_8"	"ASV_372"	1	1
"ASV_8"	"ASV_381"	1	1
"ASV_8"	"ASV_396"	1	1
"ASV_8"	"ASV_399"	1	1
"ASV_8"	"ASV_450"	1	1
"ASV_8"	"ASV_451"	1	1
"ASV_8"	"ASV_455"	1	1
"ASV_8"	"ASV_46"	1	1
"ASV_8"	"ASV_498"	1	1
"ASV_8"	"ASV_53"	1	1
"ASV_8"	"ASV_54"	1	1
"ASV_8"	"ASV_568"	1	1
"ASV_8"	"ASV_57"	1	1
"ASV_8"	"ASV_60"	-1	2
"ASV_8"	"ASV_61"	1	1
"ASV_8"	"ASV_642"	1	1
"ASV_8"	"ASV_661"	1	1
"ASV_8"	"ASV_727"	1	1
"ASV_8"	"ASV_753"	1	1
"ASV_8"	"ASV_778"	1	1
"ASV_8"	"ASV_803"	-1	2
"ASV_8"	"ASV_82"	1	1
"ASV_8"	"ASV_880"	1	1
"ASV_8"	"ASV_89"	1	1
"ASV_8"	"ASV_917"	1	1
"ASV_8"	"ASV_93"	1	1
"ASV_8"	"ASV_983"	-1	2
"ASV_80"	"ASV_117"	1	1
"ASV_80"	"ASV_157"	1	1
"ASV_80"	"ASV_217"	1	1
"ASV_80"	"ASV_234"	1	1
"ASV_80"	"ASV_251"	1	1
"ASV_80"	"ASV_274"	1	1
"ASV_80"	"ASV_300"	1	1
"ASV_80"	"ASV_306"	1	1
"ASV_80"	"ASV_468"	1	1
"ASV_80"	"ASV_494"	1	1
"ASV_80"	"ASV_641"	1	1
"ASV_80"	"ASV_772"	-1	2
"ASV_80"	"ASV_82"	1	1
"ASV_80"	"ASV_96"	1	1
"ASV_81"	"ASV_1028"	1	1
"ASV_81"	"ASV_128"	-1	2
"ASV_81"	"ASV_142"	1	1
"ASV_81"	"ASV_208"	1	1
"ASV_81"	"ASV_282"	1	1
"ASV_81"	"ASV_782"	1	1
"ASV_81"	"ASV_842"	1	1
"ASV_82"	"ASV_107"	1	1
"ASV_82"	"ASV_1075"	1	1
"ASV_82"	"ASV_124"	1	1
"ASV_82"	"ASV_128"	1	1
"ASV_82"	"ASV_144"	1	1
"ASV_82"	"ASV_148"	1	1
"ASV_82"	"ASV_157"	1	1
"ASV_82"	"ASV_163"	1	1
"ASV_82"	"ASV_166"	1	1
"ASV_82"	"ASV_245"	1	1
"ASV_82"	"ASV_251"	1	1
"ASV_82"	"ASV_258"	1	1
"ASV_82"	"ASV_260"	1	1
"ASV_82"	"ASV_306"	1	1
"ASV_82"	"ASV_315"	1	1
"ASV_82"	"ASV_357"	1	1
"ASV_82"	"ASV_361"	1	1
"ASV_82"	"ASV_381"	1	1
"ASV_82"	"ASV_392"	1	1
"ASV_82"	"ASV_473"	1	1
"ASV_82"	"ASV_494"	1	1
"ASV_82"	"ASV_495"	1	1
"ASV_82"	"ASV_504"	1	1
"ASV_82"	"ASV_544"	1	1
"ASV_82"	"ASV_561"	1	1
"ASV_82"	"ASV_562"	1	1
"ASV_82"	"ASV_609"	1	1
"ASV_82"	"ASV_613"	1	1
"ASV_82"	"ASV_899"	1	1
"ASV_82"	"ASV_950"	1	1
"ASV_82"	"ASV_96"	1	1
"ASV_83"	"ASV_153"	1	1
"ASV_84"	"ASV_276"	1	1
"ASV_85"	"ASV_100"	1	1
"ASV_85"	"ASV_104"	1	1
"ASV_85"	"ASV_133"	1	1
"ASV_85"	"ASV_136"	1	1
"ASV_85"	"ASV_255"	1	1
"ASV_85"	"ASV_256"	1	1
"ASV_85"	"ASV_275"	1	1
"ASV_85"	"ASV_327"	1	1
"ASV_85"	"ASV_329"	-1	2
"ASV_85"	"ASV_655"	1	1
"ASV_86"	"ASV_134"	1	1
"ASV_86"	"ASV_137"	1	1
"ASV_86"	"ASV_211"	1	1
"ASV_86"	"ASV_640"	1	1
"ASV_87"	"ASV_1082"	1	1
"ASV_87"	"ASV_134"	1	1
"ASV_87"	"ASV_152"	1	1
"ASV_87"	"ASV_154"	1	1
"ASV_87"	"ASV_408"	1	1
"ASV_87"	"ASV_88"	1	1
"ASV_88"	"ASV_101"	1	1
"ASV_88"	"ASV_198"	1	1
"ASV_89"	"ASV_1083"	1	1
"ASV_89"	"ASV_148"	1	1
"ASV_89"	"ASV_185"	1	1
"ASV_89"	"ASV_415"	1	1
"ASV_89"	"ASV_541"	1	1
"ASV_89"	"ASV_613"	1	1
"ASV_89"	"ASV_662"	1	1
"ASV_89"	"ASV_805"	1	1
"ASV_9"	"ASV_10"	1	1
"ASV_9"	"ASV_103"	-1	2
"ASV_9"	"ASV_115"	1	1
"ASV_9"	"ASV_122"	1	1
"ASV_9"	"ASV_1220"	-1	2
"ASV_9"	"ASV_153"	-1	2
"ASV_9"	"ASV_170"	-1	2
"ASV_9"	"ASV_19"	1	1
"ASV_9"	"ASV_224"	1	1
"ASV_9"	"ASV_24"	1	1
"ASV_9"	"ASV_246"	-1	2
"ASV_9"	"ASV_283"	-1	2
"ASV_9"	"ASV_29"	-1	2
"ASV_9"	"ASV_308"	-1	2
"ASV_9"	"ASV_31"	-1	2
"ASV_9"	"ASV_329"	-1	2
"ASV_9"	"ASV_330"	1	1
"ASV_9"	"ASV_347"	1	1
"ASV_9"	"ASV_43"	1	1
"ASV_9"	"ASV_45"	1	1
"ASV_9"	"ASV_49"	-1	2
"ASV_9"	"ASV_604"	1	1
"ASV_9"	"ASV_76"	1	1
"ASV_9"	"ASV_91"	1	1
"ASV_9"	"ASV_912"	1	1
"ASV_9"	"ASV_955"	1	1
"ASV_90"	"ASV_137"	1	1
"ASV_90"	"ASV_146"	1	1
"ASV_90"	"ASV_211"	1	1
"ASV_90"	"ASV_252"	1	1
"ASV_91"	"ASV_103"	1	1
"ASV_91"	"ASV_125"	1	1
"ASV_92"	"ASV_108"	1	1
"ASV_92"	"ASV_112"	1	1
"ASV_92"	"ASV_117"	1	1
"ASV_92"	"ASV_157"	1	1
"ASV_92"	"ASV_172"	1	1
"ASV_92"	"ASV_205"	1	1
"ASV_92"	"ASV_235"	1	1
"ASV_92"	"ASV_288"	1	1
"ASV_92"	"ASV_309"	1	1
"ASV_92"	"ASV_571"	1	1
"ASV_92"	"ASV_638"	1	1
"ASV_92"	"ASV_778"	1	1
"ASV_94"	"ASV_469"	1	1
"ASV_95"	"ASV_112"	1	1
"ASV_95"	"ASV_160"	1	1
"ASV_95"	"ASV_278"	1	1
"ASV_95"	"ASV_546"	1	1
"ASV_96"	"ASV_107"	1	1
"ASV_96"	"ASV_165"	1	1
"ASV_96"	"ASV_296"	1	1
"ASV_96"	"ASV_381"	1	1
"ASV_96"	"ASV_458"	1	1
"ASV_96"	"ASV_503"	1	1
"ASV_96"	"ASV_907"	1	1
"ASV_97"	"ASV_121"	1	1
"ASV_97"	"ASV_122"	-1	2
"ASV_97"	"ASV_131"	-1	2
"ASV_97"	"ASV_152"	1	1
"ASV_97"	"ASV_244"	1	1
"ASV_97"	"ASV_486"	1	1
"ASV_97"	"ASV_556"	1	1
"ASV_97"	"ASV_650"	1	1
"ASV_97"	"ASV_803"	1	1
"ASV_98"	"ASV_103"	1	1
"ASV_98"	"ASV_122"	1	1
"ASV_98"	"ASV_125"	1	1
"ASV_98"	"ASV_161"	1	1
"ASV_98"	"ASV_275"	1	1
"ASV_98"	"ASV_692"	1	1
"ASV_98"	"ASV_736"	1	1
"ASV_98"	"ASV_773"	1	1
"partition_Class1"	"ASV_1"	1	5
"partition_Class1"	"ASV_16"	1	5
"partition_Class1"	"partition_Class2"	-1	4
"partition_Class1"	"partition_Class4"	-1	4
"partition_Class2"	"ASV_242"	1	5
"partition_Class2"	"ASV_256"	1	5
"partition_Class2"	"ASV_4"	1	5
"partition_Class2"	"ASV_511"	1	5
"partition_Class2"	"ASV_52"	1	5
"partition_Class2"	"partition_Class4"	-1	4
"partition_Class3"	"ASV_1"	-1	6
"partition_Class3"	"ASV_1149"	1	5
"partition_Class3"	"ASV_13"	1	5
"partition_Class3"	"ASV_148"	1	5
"partition_Class3"	"ASV_17"	-1	6
"partition_Class3"	"ASV_18"	-1	6
"partition_Class3"	"ASV_191"	1	5
"partition_Class3"	"ASV_212"	1	5
"partition_Class3"	"ASV_216"	1	5
"partition_Class3"	"ASV_3"	-1	6
"partition_Class3"	"ASV_381"	1	5
"partition_Class3"	"ASV_4"	-1	6
"partition_Class3"	"ASV_405"	1	5
"partition_Class3"	"ASV_430"	1	5
"partition_Class3"	"ASV_5"	-1	6
"partition_Class3"	"ASV_544"	1	5
"partition_Class3"	"ASV_550"	1	5
"partition_Class3"	"ASV_562"	1	5
"partition_Class3"	"ASV_582"	1	5
"partition_Class3"	"ASV_6"	-1	6
"partition_Class3"	"ASV_617"	1	5
"partition_Class3"	"ASV_628"	1	5
"partition_Class3"	"ASV_721"	1	5
"partition_Class3"	"ASV_792"	1	5
"partition_Class3"	"ASV_8"	1	5
"partition_Class3"	"ASV_801"	-1	6
"partition_Class3"	"ASV_844"	1	5
"partition_Class4"	"ASV_19"	1	5
"partition_Class4"	"ASV_2"	1	5
"partition_Class4"	"ASV_23"	-1	6
"partition_Class4"	"ASV_260"	-1	6
"partition_Class4"	"ASV_3"	1	5
"partition_Class4"	"ASV_34"	1	5
"partition_Class4"	"ASV_369"	1	5
"partition_Class4"	"ASV_43"	1	5
"partition_Class4"	"ASV_61"	1	5
"partition_Class4"	"ASV_72"	1	5
"partition_Class4"	"ASV_9"	1	5
"partition_Class4"	"ASV_97"	1	5
"partition_Class5"	"ASV_1"	-1	6
"partition_Class5"	"ASV_17"	1	5
"partition_Class5"	"ASV_530"	1	5
"partition_Class6"	"ASV_169"	1	5
"partition_Class6"	"ASV_27"	1	5
"partition_Class6"	"ASV_60"	1	5
"partition"	"ASV_1"	-1	6
"partition"	"ASV_10"	-1	6
"partition"	"ASV_104"	-1	6
"partition"	"ASV_1048"	1	5
"partition"	"ASV_110"	1	5
"partition"	"ASV_112"	1	5
"partition"	"ASV_13"	1	5
"partition"	"ASV_130"	1	5
"partition"	"ASV_165"	1	5
"partition"	"ASV_18"	-1	6
"partition"	"ASV_211"	1	5
"partition"	"ASV_212"	1	5
"partition"	"ASV_220"	1	5
"partition"	"ASV_23"	1	5
"partition"	"ASV_238"	1	5
"partition"	"ASV_24"	-1	6
"partition"	"ASV_25"	-1	6
"partition"	"ASV_258"	1	5
"partition"	"ASV_28"	1	5
"partition"	"ASV_289"	1	5
"partition"	"ASV_29"	1	5
"partition"	"ASV_299"	1	5
"partition"	"ASV_3"	-1	6
"partition"	"ASV_30"	1	5
"partition"	"ASV_300"	1	5
"partition"	"ASV_304"	1	5
"partition"	"ASV_309"	1	5
"partition"	"ASV_361"	1	5
"partition"	"ASV_372"	1	5
"partition"	"ASV_379"	1	5
"partition"	"ASV_41"	-1	6
"partition"	"ASV_420"	1	5
"partition"	"ASV_467"	1	5
"partition"	"ASV_48"	-1	6
"partition"	"ASV_49"	-1	6
"partition"	"ASV_5"	-1	6
"partition"	"ASV_50"	1	5
"partition"	"ASV_515"	1	5
"partition"	"ASV_52"	-1	6
"partition"	"ASV_55"	-1	6
"partition"	"ASV_58"	1	5
"partition"	"ASV_6"	-1	6
"partition"	"ASV_62"	-1	6
"partition"	"ASV_63"	1	5
"partition"	"ASV_681"	1	5
"partition"	"ASV_826"	1	5
"partition"	"ASV_83"	-1	6
"partition"	"ASV_945"	1	5
"partition"	"ASV_96"	1	5
"partition"	"ASV_976"	1	5
"partition"	"ASV_989"	1	5
"partition"	"ASV_995"	1	5
