"#ASV_A"	"ASV_B"	"Type"
"ASV_1"	"ASV_10"	7
"ASV_1"	"ASV_101"	7
"ASV_1"	"ASV_106"	7
"ASV_1"	"ASV_108"	9
"ASV_1"	"ASV_114"	9
"ASV_1"	"ASV_1241"	4
"ASV_1"	"ASV_132"	9
"ASV_1"	"ASV_14"	1
"ASV_1"	"ASV_155"	9
"ASV_1"	"ASV_156"	7
"ASV_1"	"ASV_157"	6
"ASV_1"	"ASV_16"	7
"ASV_1"	"ASV_164"	9
"ASV_1"	"ASV_18"	7
"ASV_1"	"ASV_191"	9
"ASV_1"	"ASV_195"	9
"ASV_1"	"ASV_209"	9
"ASV_1"	"ASV_21"	7
"ASV_1"	"ASV_216"	3
"ASV_1"	"ASV_227"	7
"ASV_1"	"ASV_235"	9
"ASV_1"	"ASV_239"	7
"ASV_1"	"ASV_24"	7
"ASV_1"	"ASV_247"	9
"ASV_1"	"ASV_259"	6
"ASV_1"	"ASV_294"	9
"ASV_1"	"ASV_32"	9
"ASV_1"	"ASV_337"	9
"ASV_1"	"ASV_35"	7
"ASV_1"	"ASV_366"	9
"ASV_1"	"ASV_377"	9
"ASV_1"	"ASV_388"	3
"ASV_1"	"ASV_393"	9
"ASV_1"	"ASV_41"	4
"ASV_1"	"ASV_42"	9
"ASV_1"	"ASV_433"	6
"ASV_1"	"ASV_438"	6
"ASV_1"	"ASV_442"	4
"ASV_1"	"ASV_5"	7
"ASV_1"	"ASV_546"	7
"ASV_1"	"ASV_6"	7
"ASV_1"	"ASV_603"	9
"ASV_1"	"ASV_610"	9
"ASV_1"	"ASV_629"	9
"ASV_1"	"ASV_673"	6
"ASV_1"	"ASV_687"	9
"ASV_1"	"ASV_7"	7
"ASV_1"	"ASV_709"	6
"ASV_1"	"ASV_730"	6
"ASV_1"	"ASV_744"	6
"ASV_1"	"ASV_761"	6
"ASV_1"	"ASV_832"	6
"ASV_1"	"ASV_867"	9
"ASV_1"	"ASV_9"	1
"ASV_1"	"ASV_92"	9
"ASV_1"	"ASV_94"	6
"ASV_1"	"ASV_974"	9
"ASV_10"	"ASV_118"	7
"ASV_10"	"ASV_1214"	7
"ASV_10"	"ASV_204"	7
"ASV_10"	"ASV_229"	7
"ASV_10"	"ASV_24"	7
"ASV_10"	"ASV_298"	7
"ASV_10"	"ASV_324"	7
"ASV_10"	"ASV_46"	7
"ASV_10"	"ASV_471"	7
"ASV_10"	"ASV_484"	7
"ASV_10"	"ASV_52"	4
"ASV_10"	"ASV_578"	6
"ASV_10"	"ASV_628"	9
"ASV_10"	"ASV_645"	7
"ASV_10"	"ASV_680"	9
"ASV_10"	"ASV_695"	9
"ASV_10"	"ASV_719"	9
"ASV_100"	"ASV_109"	7
"ASV_100"	"ASV_120"	9
"ASV_100"	"ASV_131"	7
"ASV_100"	"ASV_574"	7
"ASV_100"	"ASV_611"	9
"ASV_100"	"ASV_868"	9
"ASV_100"	"ASV_959"	7
"ASV_101"	"ASV_107"	7
"ASV_101"	"ASV_136"	7
"ASV_101"	"ASV_228"	7
"ASV_101"	"ASV_424"	7
"ASV_101"	"ASV_624"	7
"ASV_101"	"ASV_640"	7
"ASV_101"	"ASV_778"	7
"ASV_103"	"ASV_106"	9
"ASV_103"	"ASV_109"	7
"ASV_103"	"ASV_124"	9
"ASV_103"	"ASV_142"	7
"ASV_103"	"ASV_146"	7
"ASV_103"	"ASV_388"	9
"ASV_103"	"ASV_524"	7
"ASV_104"	"ASV_109"	7
"ASV_104"	"ASV_115"	7
"ASV_104"	"ASV_122"	7
"ASV_104"	"ASV_138"	7
"ASV_104"	"ASV_184"	7
"ASV_104"	"ASV_200"	7
"ASV_104"	"ASV_202"	7
"ASV_104"	"ASV_208"	7
"ASV_104"	"ASV_256"	7
"ASV_104"	"ASV_333"	7
"ASV_104"	"ASV_350"	9
"ASV_104"	"ASV_446"	9
"ASV_104"	"ASV_484"	9
"ASV_104"	"ASV_505"	7
"ASV_104"	"ASV_611"	7
"ASV_104"	"ASV_778"	7
"ASV_105"	"ASV_272"	7
"ASV_106"	"ASV_189"	9
"ASV_106"	"ASV_267"	7
"ASV_106"	"ASV_278"	7
"ASV_106"	"ASV_394"	7
"ASV_106"	"ASV_396"	7
"ASV_107"	"ASV_1036"	7
"ASV_107"	"ASV_160"	7
"ASV_107"	"ASV_166"	4
"ASV_107"	"ASV_175"	4
"ASV_107"	"ASV_213"	9
"ASV_107"	"ASV_216"	4
"ASV_107"	"ASV_256"	7
"ASV_107"	"ASV_272"	7
"ASV_107"	"ASV_274"	7
"ASV_107"	"ASV_337"	4
"ASV_107"	"ASV_364"	7
"ASV_107"	"ASV_379"	7
"ASV_108"	"ASV_132"	7
"ASV_108"	"ASV_248"	4
"ASV_108"	"ASV_285"	4
"ASV_108"	"ASV_422"	4
"ASV_109"	"ASV_574"	7
"ASV_11"	"ASV_14"	7
"ASV_11"	"ASV_15"	4
"ASV_11"	"ASV_160"	9
"ASV_11"	"ASV_19"	7
"ASV_11"	"ASV_194"	9
"ASV_11"	"ASV_22"	7
"ASV_11"	"ASV_250"	7
"ASV_11"	"ASV_282"	4
"ASV_11"	"ASV_298"	7
"ASV_11"	"ASV_303"	9
"ASV_11"	"ASV_31"	1
"ASV_11"	"ASV_496"	7
"ASV_11"	"ASV_519"	7
"ASV_11"	"ASV_533"	9
"ASV_11"	"ASV_540"	4
"ASV_11"	"ASV_59"	4
"ASV_11"	"ASV_76"	9
"ASV_110"	"ASV_124"	7
"ASV_110"	"ASV_173"	9
"ASV_110"	"ASV_196"	7
"ASV_110"	"ASV_247"	7
"ASV_110"	"ASV_668"	7
"ASV_112"	"ASV_1207"	7
"ASV_112"	"ASV_1318"	7
"ASV_112"	"ASV_132"	7
"ASV_112"	"ASV_154"	9
"ASV_112"	"ASV_163"	7
"ASV_112"	"ASV_292"	7
"ASV_112"	"ASV_337"	7
"ASV_112"	"ASV_476"	7
"ASV_112"	"ASV_648"	9
"ASV_112"	"ASV_654"	7
"ASV_112"	"ASV_699"	7
"ASV_113"	"ASV_1139"	7
"ASV_113"	"ASV_270"	7
"ASV_113"	"ASV_430"	9
"ASV_114"	"ASV_137"	7
"ASV_114"	"ASV_181"	7
"ASV_114"	"ASV_496"	7
"ASV_114"	"ASV_556"	4
"ASV_114"	"ASV_782"	7
"ASV_115"	"ASV_143"	6
"ASV_115"	"ASV_159"	7
"ASV_115"	"ASV_233"	7
"ASV_115"	"ASV_252"	7
"ASV_115"	"ASV_267"	7
"ASV_115"	"ASV_491"	9
"ASV_115"	"ASV_498"	9
"ASV_115"	"ASV_655"	7
"ASV_115"	"ASV_680"	9
"ASV_115"	"ASV_782"	7
"ASV_116"	"ASV_121"	6
"ASV_116"	"ASV_139"	4
"ASV_116"	"ASV_163"	1
"ASV_116"	"ASV_205"	7
"ASV_116"	"ASV_232"	7
"ASV_116"	"ASV_251"	4
"ASV_116"	"ASV_262"	4
"ASV_116"	"ASV_268"	9
"ASV_116"	"ASV_364"	7
"ASV_116"	"ASV_366"	4
"ASV_116"	"ASV_673"	4
"ASV_117"	"ASV_1048"	7
"ASV_117"	"ASV_132"	7
"ASV_117"	"ASV_139"	4
"ASV_117"	"ASV_155"	7
"ASV_117"	"ASV_157"	7
"ASV_117"	"ASV_372"	7
"ASV_117"	"ASV_625"	7
"ASV_117"	"ASV_786"	7
"ASV_117"	"ASV_826"	7
"ASV_118"	"ASV_162"	4
"ASV_118"	"ASV_276"	4
"ASV_120"	"ASV_123"	9
"ASV_120"	"ASV_135"	7
"ASV_120"	"ASV_173"	7
"ASV_120"	"ASV_203"	7
"ASV_120"	"ASV_236"	7
"ASV_120"	"ASV_268"	7
"ASV_120"	"ASV_342"	7
"ASV_120"	"ASV_347"	4
"ASV_121"	"ASV_168"	7
"ASV_121"	"ASV_208"	7
"ASV_121"	"ASV_267"	7
"ASV_121"	"ASV_272"	7
"ASV_121"	"ASV_340"	7
"ASV_121"	"ASV_369"	7
"ASV_122"	"ASV_1139"	7
"ASV_122"	"ASV_138"	7
"ASV_122"	"ASV_156"	7
"ASV_122"	"ASV_217"	9
"ASV_122"	"ASV_624"	7
"ASV_122"	"ASV_670"	7
"ASV_122"	"ASV_715"	7
"ASV_122"	"ASV_736"	7
"ASV_123"	"ASV_132"	7
"ASV_123"	"ASV_155"	7
"ASV_123"	"ASV_207"	7
"ASV_123"	"ASV_290"	7
"ASV_123"	"ASV_398"	7
"ASV_123"	"ASV_573"	7
"ASV_124"	"ASV_139"	4
"ASV_124"	"ASV_148"	4
"ASV_124"	"ASV_166"	7
"ASV_124"	"ASV_251"	4
"ASV_124"	"ASV_274"	7
"ASV_124"	"ASV_350"	7
"ASV_124"	"ASV_381"	4
"ASV_124"	"ASV_465"	7
"ASV_124"	"ASV_489"	7
"ASV_124"	"ASV_495"	7
"ASV_124"	"ASV_561"	4
"ASV_124"	"ASV_599"	7
"ASV_124"	"ASV_694"	7
"ASV_124"	"ASV_793"	4
"ASV_124"	"ASV_838"	7
"ASV_124"	"ASV_913"	7
"ASV_124"	"ASV_950"	4
"ASV_125"	"ASV_624"	7
"ASV_125"	"ASV_670"	7
"ASV_125"	"ASV_886"	7
"ASV_126"	"ASV_148"	4
"ASV_126"	"ASV_195"	4
"ASV_126"	"ASV_199"	4
"ASV_128"	"ASV_148"	4
"ASV_128"	"ASV_166"	4
"ASV_128"	"ASV_169"	4
"ASV_128"	"ASV_170"	4
"ASV_129"	"ASV_141"	7
"ASV_129"	"ASV_268"	7
"ASV_129"	"ASV_650"	7
"ASV_13"	"ASV_17"	7
"ASV_13"	"ASV_210"	9
"ASV_13"	"ASV_33"	1
"ASV_13"	"ASV_395"	9
"ASV_13"	"ASV_60"	7
"ASV_13"	"ASV_62"	6
"ASV_13"	"ASV_79"	9
"ASV_130"	"ASV_147"	7
"ASV_130"	"ASV_155"	7
"ASV_130"	"ASV_332"	7
"ASV_130"	"ASV_574"	7
"ASV_131"	"ASV_204"	7
"ASV_131"	"ASV_270"	7
"ASV_131"	"ASV_284"	7
"ASV_131"	"ASV_327"	7
"ASV_131"	"ASV_484"	7
"ASV_131"	"ASV_727"	7
"ASV_132"	"ASV_350"	7
"ASV_134"	"ASV_149"	6
"ASV_134"	"ASV_193"	4
"ASV_134"	"ASV_195"	4
"ASV_134"	"ASV_215"	4
"ASV_134"	"ASV_460"	4
"ASV_134"	"ASV_500"	4
"ASV_135"	"ASV_150"	7
"ASV_135"	"ASV_203"	7
"ASV_135"	"ASV_204"	7
"ASV_135"	"ASV_236"	7
"ASV_135"	"ASV_246"	7
"ASV_135"	"ASV_312"	7
"ASV_136"	"ASV_252"	7
"ASV_136"	"ASV_391"	7
"ASV_136"	"ASV_415"	7
"ASV_136"	"ASV_563"	7
"ASV_137"	"ASV_139"	7
"ASV_137"	"ASV_212"	7
"ASV_137"	"ASV_224"	7
"ASV_138"	"ASV_159"	7
"ASV_138"	"ASV_191"	9
"ASV_139"	"ASV_1052"	4
"ASV_139"	"ASV_140"	7
"ASV_139"	"ASV_144"	4
"ASV_139"	"ASV_148"	4
"ASV_139"	"ASV_186"	4
"ASV_139"	"ASV_219"	7
"ASV_139"	"ASV_245"	9
"ASV_139"	"ASV_251"	4
"ASV_139"	"ASV_258"	7
"ASV_139"	"ASV_260"	4
"ASV_139"	"ASV_296"	4
"ASV_139"	"ASV_337"	7
"ASV_139"	"ASV_357"	4
"ASV_139"	"ASV_388"	7
"ASV_139"	"ASV_465"	7
"ASV_139"	"ASV_494"	7
"ASV_139"	"ASV_495"	4
"ASV_139"	"ASV_520"	4
"ASV_139"	"ASV_539"	1
"ASV_139"	"ASV_654"	4
"ASV_139"	"ASV_698"	4
"ASV_139"	"ASV_751"	6
"ASV_14"	"ASV_104"	7
"ASV_14"	"ASV_115"	7
"ASV_14"	"ASV_153"	9
"ASV_14"	"ASV_16"	7
"ASV_14"	"ASV_163"	6
"ASV_14"	"ASV_19"	7
"ASV_14"	"ASV_191"	6
"ASV_14"	"ASV_216"	6
"ASV_14"	"ASV_235"	9
"ASV_14"	"ASV_247"	9
"ASV_14"	"ASV_25"	7
"ASV_14"	"ASV_26"	1
"ASV_14"	"ASV_264"	4
"ASV_14"	"ASV_29"	9
"ASV_14"	"ASV_34"	7
"ASV_14"	"ASV_369"	4
"ASV_14"	"ASV_37"	1
"ASV_14"	"ASV_423"	7
"ASV_14"	"ASV_456"	7
"ASV_14"	"ASV_544"	6
"ASV_14"	"ASV_59"	7
"ASV_14"	"ASV_62"	7
"ASV_14"	"ASV_692"	9
"ASV_14"	"ASV_73"	7
"ASV_14"	"ASV_82"	9
"ASV_14"	"ASV_85"	7
"ASV_14"	"ASV_87"	4
"ASV_14"	"ASV_90"	7
"ASV_140"	"ASV_337"	7
"ASV_142"	"ASV_1028"	7
"ASV_142"	"ASV_1087"	7
"ASV_142"	"ASV_156"	7
"ASV_142"	"ASV_239"	7
"ASV_142"	"ASV_515"	9
"ASV_143"	"ASV_311"	4
"ASV_144"	"ASV_205"	7
"ASV_144"	"ASV_222"	7
"ASV_144"	"ASV_259"	4
"ASV_144"	"ASV_295"	4
"ASV_144"	"ASV_361"	7
"ASV_144"	"ASV_467"	7
"ASV_144"	"ASV_476"	7
"ASV_144"	"ASV_568"	4
"ASV_145"	"ASV_205"	7
"ASV_145"	"ASV_252"	7
"ASV_145"	"ASV_265"	7
"ASV_145"	"ASV_275"	7
"ASV_145"	"ASV_505"	7
"ASV_145"	"ASV_788"	7
"ASV_145"	"ASV_816"	7
"ASV_146"	"ASV_176"	7
"ASV_146"	"ASV_178"	7
"ASV_146"	"ASV_525"	7
"ASV_146"	"ASV_533"	7
"ASV_147"	"ASV_659"	7
"ASV_148"	"ASV_1042"	7
"ASV_148"	"ASV_1149"	4
"ASV_148"	"ASV_1219"	4
"ASV_148"	"ASV_153"	4
"ASV_148"	"ASV_157"	4
"ASV_148"	"ASV_186"	4
"ASV_148"	"ASV_208"	7
"ASV_148"	"ASV_216"	4
"ASV_148"	"ASV_217"	7
"ASV_148"	"ASV_245"	4
"ASV_148"	"ASV_251"	4
"ASV_148"	"ASV_258"	4
"ASV_148"	"ASV_260"	4
"ASV_148"	"ASV_274"	4
"ASV_148"	"ASV_277"	4
"ASV_148"	"ASV_299"	4
"ASV_148"	"ASV_306"	4
"ASV_148"	"ASV_307"	4
"ASV_148"	"ASV_315"	4
"ASV_148"	"ASV_336"	4
"ASV_148"	"ASV_379"	4
"ASV_148"	"ASV_381"	4
"ASV_148"	"ASV_392"	4
"ASV_148"	"ASV_430"	4
"ASV_148"	"ASV_450"	4
"ASV_148"	"ASV_504"	4
"ASV_148"	"ASV_547"	7
"ASV_148"	"ASV_554"	4
"ASV_148"	"ASV_572"	4
"ASV_148"	"ASV_592"	4
"ASV_148"	"ASV_600"	4
"ASV_148"	"ASV_721"	4
"ASV_148"	"ASV_753"	4
"ASV_148"	"ASV_936"	4
"ASV_149"	"ASV_232"	9
"ASV_149"	"ASV_389"	7
"ASV_15"	"ASV_135"	9
"ASV_15"	"ASV_21"	9
"ASV_15"	"ASV_211"	9
"ASV_15"	"ASV_31"	7
"ASV_15"	"ASV_337"	9
"ASV_15"	"ASV_35"	7
"ASV_15"	"ASV_41"	7
"ASV_15"	"ASV_53"	7
"ASV_15"	"ASV_59"	7
"ASV_15"	"ASV_60"	7
"ASV_15"	"ASV_62"	7
"ASV_15"	"ASV_68"	7
"ASV_15"	"ASV_949"	7
"ASV_150"	"ASV_348"	9
"ASV_150"	"ASV_524"	7
"ASV_150"	"ASV_702"	9
"ASV_152"	"ASV_251"	4
"ASV_153"	"ASV_194"	7
"ASV_153"	"ASV_274"	4
"ASV_153"	"ASV_350"	7
"ASV_153"	"ASV_430"	7
"ASV_154"	"ASV_782"	7
"ASV_155"	"ASV_217"	7
"ASV_155"	"ASV_309"	7
"ASV_155"	"ASV_884"	7
"ASV_157"	"ASV_251"	4
"ASV_157"	"ASV_260"	4
"ASV_157"	"ASV_339"	9
"ASV_157"	"ASV_465"	7
"ASV_157"	"ASV_752"	7
"ASV_159"	"ASV_235"	9
"ASV_159"	"ASV_288"	9
"ASV_159"	"ASV_300"	9
"ASV_16"	"ASV_1105"	7
"ASV_16"	"ASV_115"	7
"ASV_16"	"ASV_119"	7
"ASV_16"	"ASV_121"	7
"ASV_16"	"ASV_122"	7
"ASV_16"	"ASV_1448"	4
"ASV_16"	"ASV_145"	7
"ASV_16"	"ASV_149"	7
"ASV_16"	"ASV_168"	7
"ASV_16"	"ASV_178"	7
"ASV_16"	"ASV_18"	4
"ASV_16"	"ASV_180"	7
"ASV_16"	"ASV_195"	9
"ASV_16"	"ASV_211"	9
"ASV_16"	"ASV_223"	9
"ASV_16"	"ASV_26"	7
"ASV_16"	"ASV_29"	9
"ASV_16"	"ASV_336"	9
"ASV_16"	"ASV_34"	1
"ASV_16"	"ASV_356"	9
"ASV_16"	"ASV_361"	9
"ASV_16"	"ASV_389"	7
"ASV_16"	"ASV_396"	9
"ASV_16"	"ASV_421"	4
"ASV_16"	"ASV_45"	7
"ASV_16"	"ASV_48"	7
"ASV_16"	"ASV_668"	9
"ASV_16"	"ASV_69"	9
"ASV_16"	"ASV_707"	9
"ASV_16"	"ASV_73"	7
"ASV_16"	"ASV_79"	7
"ASV_16"	"ASV_95"	6
"ASV_160"	"ASV_235"	7
"ASV_161"	"ASV_363"	7
"ASV_162"	"ASV_215"	4
"ASV_162"	"ASV_698"	4
"ASV_163"	"ASV_541"	7
"ASV_163"	"ASV_544"	4
"ASV_164"	"ASV_166"	7
"ASV_164"	"ASV_175"	7
"ASV_164"	"ASV_222"	4
"ASV_164"	"ASV_296"	4
"ASV_164"	"ASV_315"	4
"ASV_164"	"ASV_357"	4
"ASV_165"	"ASV_212"	7
"ASV_165"	"ASV_223"	1
"ASV_165"	"ASV_225"	7
"ASV_165"	"ASV_272"	7
"ASV_165"	"ASV_334"	7
"ASV_165"	"ASV_356"	7
"ASV_165"	"ASV_381"	4
"ASV_165"	"ASV_458"	7
"ASV_165"	"ASV_578"	7
"ASV_165"	"ASV_893"	7
"ASV_165"	"ASV_981"	7
"ASV_166"	"ASV_337"	7
"ASV_168"	"ASV_200"	7
"ASV_168"	"ASV_222"	7
"ASV_168"	"ASV_256"	7
"ASV_168"	"ASV_774"	7
"ASV_17"	"ASV_200"	7
"ASV_17"	"ASV_204"	9
"ASV_17"	"ASV_27"	7
"ASV_17"	"ASV_41"	9
"ASV_17"	"ASV_60"	7
"ASV_17"	"ASV_639"	4
"ASV_17"	"ASV_649"	7
"ASV_17"	"ASV_75"	7
"ASV_170"	"ASV_216"	4
"ASV_173"	"ASV_236"	7
"ASV_173"	"ASV_268"	7
"ASV_173"	"ASV_455"	7
"ASV_173"	"ASV_531"	7
"ASV_177"	"ASV_401"	7
"ASV_177"	"ASV_763"	7
"ASV_177"	"ASV_830"	7
"ASV_18"	"ASV_103"	7
"ASV_18"	"ASV_114"	7
"ASV_18"	"ASV_135"	7
"ASV_18"	"ASV_142"	7
"ASV_18"	"ASV_184"	7
"ASV_18"	"ASV_187"	7
"ASV_18"	"ASV_205"	7
"ASV_18"	"ASV_218"	4
"ASV_18"	"ASV_234"	7
"ASV_18"	"ASV_256"	7
"ASV_18"	"ASV_270"	7
"ASV_18"	"ASV_304"	9
"ASV_18"	"ASV_341"	7
"ASV_18"	"ASV_352"	4
"ASV_18"	"ASV_41"	4
"ASV_18"	"ASV_415"	7
"ASV_18"	"ASV_426"	6
"ASV_18"	"ASV_457"	7
"ASV_18"	"ASV_490"	7
"ASV_18"	"ASV_51"	7
"ASV_18"	"ASV_55"	7
"ASV_18"	"ASV_57"	7
"ASV_18"	"ASV_68"	7
"ASV_18"	"ASV_719"	7
"ASV_18"	"ASV_80"	9
"ASV_18"	"ASV_899"	9
"ASV_18"	"ASV_98"	7
"ASV_181"	"ASV_268"	7
"ASV_181"	"ASV_422"	4
"ASV_182"	"ASV_409"	4
"ASV_183"	"ASV_400"	7
"ASV_185"	"ASV_337"	7
"ASV_186"	"ASV_258"	4
"ASV_186"	"ASV_278"	7
"ASV_187"	"ASV_219"	7
"ASV_187"	"ASV_234"	7
"ASV_187"	"ASV_262"	4
"ASV_189"	"ASV_211"	7
"ASV_189"	"ASV_364"	7
"ASV_19"	"ASV_121"	4
"ASV_19"	"ASV_123"	9
"ASV_19"	"ASV_131"	9
"ASV_19"	"ASV_136"	7
"ASV_19"	"ASV_150"	7
"ASV_19"	"ASV_153"	9
"ASV_19"	"ASV_171"	7
"ASV_19"	"ASV_177"	7
"ASV_19"	"ASV_198"	7
"ASV_19"	"ASV_208"	7
"ASV_19"	"ASV_25"	1
"ASV_19"	"ASV_306"	9
"ASV_19"	"ASV_324"	7
"ASV_19"	"ASV_332"	9
"ASV_19"	"ASV_35"	7
"ASV_19"	"ASV_386"	7
"ASV_19"	"ASV_406"	9
"ASV_19"	"ASV_472"	7
"ASV_19"	"ASV_50"	9
"ASV_19"	"ASV_515"	9
"ASV_19"	"ASV_55"	7
"ASV_19"	"ASV_561"	6
"ASV_19"	"ASV_59"	7
"ASV_19"	"ASV_62"	7
"ASV_19"	"ASV_673"	6
"ASV_19"	"ASV_72"	7
"ASV_19"	"ASV_81"	1
"ASV_19"	"ASV_824"	4
"ASV_190"	"ASV_226"	7
"ASV_190"	"ASV_265"	7
"ASV_190"	"ASV_685"	9
"ASV_191"	"ASV_267"	9
"ASV_191"	"ASV_308"	7
"ASV_192"	"ASV_381"	4
"ASV_193"	"ASV_195"	4
"ASV_193"	"ASV_215"	4
"ASV_193"	"ASV_343"	4
"ASV_193"	"ASV_460"	4
"ASV_193"	"ASV_492"	4
"ASV_193"	"ASV_500"	4
"ASV_193"	"ASV_801"	4
"ASV_195"	"ASV_434"	4
"ASV_195"	"ASV_492"	4
"ASV_196"	"ASV_309"	7
"ASV_198"	"ASV_272"	7
"ASV_2"	"ASV_10"	7
"ASV_2"	"ASV_120"	4
"ASV_2"	"ASV_139"	6
"ASV_2"	"ASV_144"	6
"ASV_2"	"ASV_148"	6
"ASV_2"	"ASV_154"	9
"ASV_2"	"ASV_189"	7
"ASV_2"	"ASV_19"	7
"ASV_2"	"ASV_21"	7
"ASV_2"	"ASV_23"	9
"ASV_2"	"ASV_24"	7
"ASV_2"	"ASV_26"	1
"ASV_2"	"ASV_297"	6
"ASV_2"	"ASV_36"	7
"ASV_2"	"ASV_367"	6
"ASV_2"	"ASV_40"	9
"ASV_2"	"ASV_486"	4
"ASV_2"	"ASV_52"	7
"ASV_2"	"ASV_57"	9
"ASV_2"	"ASV_724"	9
"ASV_2"	"ASV_8"	9
"ASV_2"	"ASV_82"	6
"ASV_2"	"ASV_85"	7
"ASV_2"	"ASV_92"	9
"ASV_20"	"ASV_269"	7
"ASV_20"	"ASV_33"	7
"ASV_20"	"ASV_336"	7
"ASV_201"	"ASV_218"	4
"ASV_201"	"ASV_357"	6
"ASV_201"	"ASV_604"	4
"ASV_202"	"ASV_267"	7
"ASV_202"	"ASV_495"	7
"ASV_202"	"ASV_505"	7
"ASV_202"	"ASV_519"	7
"ASV_202"	"ASV_904"	7
"ASV_205"	"ASV_272"	7
"ASV_207"	"ASV_247"	7
"ASV_208"	"ASV_211"	7
"ASV_208"	"ASV_257"	7
"ASV_208"	"ASV_364"	7
"ASV_208"	"ASV_456"	7
"ASV_208"	"ASV_524"	7
"ASV_21"	"ASV_105"	7
"ASV_21"	"ASV_106"	7
"ASV_21"	"ASV_131"	7
"ASV_21"	"ASV_149"	7
"ASV_21"	"ASV_167"	9
"ASV_21"	"ASV_276"	7
"ASV_21"	"ASV_281"	7
"ASV_21"	"ASV_32"	9
"ASV_21"	"ASV_53"	9
"ASV_211"	"ASV_274"	7
"ASV_211"	"ASV_324"	7
"ASV_212"	"ASV_223"	4
"ASV_212"	"ASV_375"	7
"ASV_212"	"ASV_400"	7
"ASV_215"	"ASV_434"	4
"ASV_215"	"ASV_460"	4
"ASV_215"	"ASV_492"	4
"ASV_215"	"ASV_549"	4
"ASV_215"	"ASV_698"	4
"ASV_216"	"ASV_274"	4
"ASV_216"	"ASV_307"	4
"ASV_216"	"ASV_426"	4
"ASV_216"	"ASV_550"	4
"ASV_216"	"ASV_609"	4
"ASV_216"	"ASV_617"	4
"ASV_216"	"ASV_721"	4
"ASV_216"	"ASV_844"	4
"ASV_217"	"ASV_350"	7
"ASV_217"	"ASV_361"	7
"ASV_217"	"ASV_412"	7
"ASV_217"	"ASV_974"	7
"ASV_218"	"ASV_260"	6
"ASV_219"	"ASV_232"	7
"ASV_219"	"ASV_278"	7
"ASV_219"	"ASV_304"	7
"ASV_22"	"ASV_110"	9
"ASV_22"	"ASV_130"	6
"ASV_22"	"ASV_142"	9
"ASV_22"	"ASV_159"	9
"ASV_22"	"ASV_178"	7
"ASV_22"	"ASV_190"	9
"ASV_22"	"ASV_203"	9
"ASV_22"	"ASV_289"	9
"ASV_22"	"ASV_31"	7
"ASV_22"	"ASV_357"	6
"ASV_22"	"ASV_40"	7
"ASV_22"	"ASV_42"	7
"ASV_22"	"ASV_422"	4
"ASV_22"	"ASV_46"	1
"ASV_22"	"ASV_546"	9
"ASV_22"	"ASV_71"	9
"ASV_22"	"ASV_84"	9
"ASV_22"	"ASV_86"	7
"ASV_22"	"ASV_92"	9
"ASV_221"	"ASV_326"	4
"ASV_221"	"ASV_509"	4
"ASV_221"	"ASV_598"	4
"ASV_221"	"ASV_701"	4
"ASV_222"	"ASV_225"	7
"ASV_222"	"ASV_450"	4
"ASV_223"	"ASV_272"	1
"ASV_223"	"ASV_278"	7
"ASV_224"	"ASV_736"	7
"ASV_225"	"ASV_1089"	7
"ASV_225"	"ASV_334"	7
"ASV_225"	"ASV_578"	7
"ASV_226"	"ASV_236"	9
"ASV_226"	"ASV_370"	7
"ASV_228"	"ASV_260"	6
"ASV_23"	"ASV_116"	4
"ASV_23"	"ASV_124"	4
"ASV_23"	"ASV_1266"	4
"ASV_23"	"ASV_148"	4
"ASV_23"	"ASV_167"	4
"ASV_23"	"ASV_187"	7
"ASV_23"	"ASV_194"	7
"ASV_23"	"ASV_213"	7
"ASV_23"	"ASV_232"	7
"ASV_23"	"ASV_251"	4
"ASV_23"	"ASV_26"	9
"ASV_23"	"ASV_272"	4
"ASV_23"	"ASV_28"	7
"ASV_23"	"ASV_29"	1
"ASV_23"	"ASV_30"	7
"ASV_23"	"ASV_307"	4
"ASV_23"	"ASV_32"	7
"ASV_23"	"ASV_357"	4
"ASV_23"	"ASV_366"	7
"ASV_23"	"ASV_381"	4
"ASV_23"	"ASV_388"	4
"ASV_23"	"ASV_39"	7
"ASV_23"	"ASV_430"	4
"ASV_23"	"ASV_433"	7
"ASV_23"	"ASV_44"	7
"ASV_23"	"ASV_50"	7
"ASV_23"	"ASV_54"	7
"ASV_23"	"ASV_544"	4
"ASV_23"	"ASV_63"	7
"ASV_23"	"ASV_65"	7
"ASV_23"	"ASV_66"	7
"ASV_23"	"ASV_67"	7
"ASV_23"	"ASV_80"	4
"ASV_23"	"ASV_82"	4
"ASV_23"	"ASV_92"	7
"ASV_230"	"ASV_511"	7
"ASV_232"	"ASV_235"	7
"ASV_233"	"ASV_239"	7
"ASV_233"	"ASV_265"	7
"ASV_233"	"ASV_268"	7
"ASV_233"	"ASV_391"	7
"ASV_234"	"ASV_252"	7
"ASV_234"	"ASV_625"	7
"ASV_234"	"ASV_774"	7
"ASV_235"	"ASV_290"	7
"ASV_235"	"ASV_350"	7
"ASV_237"	"ASV_994"	7
"ASV_238"	"ASV_260"	4
"ASV_238"	"ASV_329"	7
"ASV_238"	"ASV_344"	7
"ASV_238"	"ASV_826"	7
"ASV_239"	"ASV_398"	9
"ASV_24"	"ASV_101"	7
"ASV_24"	"ASV_106"	7
"ASV_24"	"ASV_110"	9
"ASV_24"	"ASV_157"	9
"ASV_24"	"ASV_160"	9
"ASV_24"	"ASV_164"	9
"ASV_24"	"ASV_194"	9
"ASV_24"	"ASV_203"	9
"ASV_24"	"ASV_243"	7
"ASV_24"	"ASV_250"	7
"ASV_24"	"ASV_292"	9
"ASV_24"	"ASV_34"	4
"ASV_24"	"ASV_439"	7
"ASV_24"	"ASV_65"	9
"ASV_24"	"ASV_655"	7
"ASV_24"	"ASV_70"	7
"ASV_24"	"ASV_773"	7
"ASV_24"	"ASV_78"	9
"ASV_24"	"ASV_89"	9
"ASV_240"	"ASV_292"	7
"ASV_240"	"ASV_380"	7
"ASV_240"	"ASV_541"	7
"ASV_243"	"ASV_256"	7
"ASV_245"	"ASV_258"	4
"ASV_245"	"ASV_262"	4
"ASV_245"	"ASV_306"	4
"ASV_246"	"ASV_267"	7
"ASV_246"	"ASV_530"	7
"ASV_246"	"ASV_842"	7
"ASV_247"	"ASV_300"	7
"ASV_247"	"ASV_337"	7
"ASV_247"	"ASV_446"	7
"ASV_25"	"ASV_100"	7
"ASV_25"	"ASV_1082"	7
"ASV_25"	"ASV_109"	1
"ASV_25"	"ASV_147"	9
"ASV_25"	"ASV_156"	7
"ASV_25"	"ASV_157"	6
"ASV_25"	"ASV_167"	9
"ASV_25"	"ASV_207"	9
"ASV_25"	"ASV_216"	6
"ASV_25"	"ASV_217"	9
"ASV_25"	"ASV_219"	9
"ASV_25"	"ASV_221"	4
"ASV_25"	"ASV_222"	9
"ASV_25"	"ASV_26"	1
"ASV_25"	"ASV_260"	6
"ASV_25"	"ASV_27"	9
"ASV_25"	"ASV_306"	9
"ASV_25"	"ASV_372"	9
"ASV_25"	"ASV_374"	9
"ASV_25"	"ASV_381"	6
"ASV_25"	"ASV_394"	7
"ASV_25"	"ASV_41"	1
"ASV_25"	"ASV_457"	7
"ASV_25"	"ASV_52"	7
"ASV_25"	"ASV_53"	7
"ASV_25"	"ASV_61"	4
"ASV_25"	"ASV_613"	6
"ASV_25"	"ASV_88"	7
"ASV_250"	"ASV_298"	7
"ASV_250"	"ASV_327"	7
"ASV_251"	"ASV_259"	4
"ASV_251"	"ASV_260"	4
"ASV_251"	"ASV_296"	4
"ASV_251"	"ASV_306"	4
"ASV_251"	"ASV_315"	4
"ASV_251"	"ASV_357"	4
"ASV_251"	"ASV_450"	4
"ASV_251"	"ASV_554"	4
"ASV_251"	"ASV_561"	4
"ASV_251"	"ASV_613"	4
"ASV_251"	"ASV_709"	4
"ASV_251"	"ASV_793"	4
"ASV_252"	"ASV_1091"	7
"ASV_252"	"ASV_267"	7
"ASV_252"	"ASV_312"	7
"ASV_252"	"ASV_331"	7
"ASV_252"	"ASV_650"	7
"ASV_255"	"ASV_324"	7
"ASV_256"	"ASV_364"	7
"ASV_256"	"ASV_485"	7
"ASV_256"	"ASV_842"	7
"ASV_257"	"ASV_354"	4
"ASV_257"	"ASV_469"	4
"ASV_258"	"ASV_337"	4
"ASV_259"	"ASV_450"	4
"ASV_259"	"ASV_519"	7
"ASV_26"	"ASV_109"	7
"ASV_26"	"ASV_113"	7
"ASV_26"	"ASV_117"	6
"ASV_26"	"ASV_121"	4
"ASV_26"	"ASV_126"	9
"ASV_26"	"ASV_144"	9
"ASV_26"	"ASV_158"	7
"ASV_26"	"ASV_166"	9
"ASV_26"	"ASV_210"	7
"ASV_26"	"ASV_217"	9
"ASV_26"	"ASV_234"	7
"ASV_26"	"ASV_29"	6
"ASV_26"	"ASV_306"	6
"ASV_26"	"ASV_34"	7
"ASV_26"	"ASV_37"	4
"ASV_26"	"ASV_382"	9
"ASV_26"	"ASV_408"	7
"ASV_26"	"ASV_430"	9
"ASV_26"	"ASV_441"	7
"ASV_26"	"ASV_45"	4
"ASV_26"	"ASV_529"	9
"ASV_26"	"ASV_530"	7
"ASV_26"	"ASV_55"	7
"ASV_26"	"ASV_554"	6
"ASV_26"	"ASV_61"	4
"ASV_26"	"ASV_638"	9
"ASV_26"	"ASV_729"	4
"ASV_26"	"ASV_80"	6
"ASV_26"	"ASV_81"	7
"ASV_26"	"ASV_88"	1
"ASV_26"	"ASV_917"	6
"ASV_260"	"ASV_1266"	4
"ASV_260"	"ASV_1368"	4
"ASV_260"	"ASV_1387"	4
"ASV_260"	"ASV_392"	4
"ASV_260"	"ASV_547"	4
"ASV_260"	"ASV_899"	4
"ASV_262"	"ASV_297"	4
"ASV_262"	"ASV_346"	4
"ASV_262"	"ASV_588"	4
"ASV_264"	"ASV_788"	7
"ASV_265"	"ASV_391"	7
"ASV_265"	"ASV_525"	7
"ASV_265"	"ASV_816"	7
"ASV_265"	"ASV_886"	7
"ASV_267"	"ASV_1091"	7
"ASV_267"	"ASV_424"	7
"ASV_267"	"ASV_429"	7
"ASV_268"	"ASV_273"	7
"ASV_268"	"ASV_531"	7
"ASV_27"	"ASV_105"	9
"ASV_27"	"ASV_116"	7
"ASV_27"	"ASV_157"	7
"ASV_27"	"ASV_169"	4
"ASV_27"	"ASV_199"	4
"ASV_27"	"ASV_238"	7
"ASV_27"	"ASV_283"	4
"ASV_27"	"ASV_30"	7
"ASV_27"	"ASV_306"	7
"ASV_27"	"ASV_44"	7
"ASV_27"	"ASV_78"	4
"ASV_270"	"ASV_1087"	7
"ASV_270"	"ASV_736"	7
"ASV_271"	"ASV_308"	7
"ASV_274"	"ASV_1044"	7
"ASV_274"	"ASV_290"	7
"ASV_274"	"ASV_299"	7
"ASV_274"	"ASV_366"	4
"ASV_274"	"ASV_379"	1
"ASV_274"	"ASV_388"	7
"ASV_274"	"ASV_398"	7
"ASV_274"	"ASV_494"	7
"ASV_274"	"ASV_547"	7
"ASV_274"	"ASV_561"	4
"ASV_274"	"ASV_571"	7
"ASV_274"	"ASV_685"	7
"ASV_274"	"ASV_775"	7
"ASV_274"	"ASV_974"	7
"ASV_277"	"ASV_315"	4
"ASV_278"	"ASV_326"	4
"ASV_278"	"ASV_431"	7
"ASV_278"	"ASV_598"	4
"ASV_278"	"ASV_674"	7
"ASV_28"	"ASV_116"	7
"ASV_28"	"ASV_131"	7
"ASV_28"	"ASV_132"	7
"ASV_28"	"ASV_140"	7
"ASV_28"	"ASV_144"	7
"ASV_28"	"ASV_235"	7
"ASV_28"	"ASV_29"	7
"ASV_28"	"ASV_30"	7
"ASV_28"	"ASV_39"	7
"ASV_28"	"ASV_41"	9
"ASV_28"	"ASV_44"	7
"ASV_28"	"ASV_50"	7
"ASV_28"	"ASV_58"	7
"ASV_28"	"ASV_61"	9
"ASV_28"	"ASV_625"	7
"ASV_28"	"ASV_628"	7
"ASV_28"	"ASV_65"	7
"ASV_28"	"ASV_66"	7
"ASV_28"	"ASV_75"	7
"ASV_288"	"ASV_383"	7
"ASV_288"	"ASV_495"	7
"ASV_289"	"ASV_292"	7
"ASV_29"	"ASV_1044"	7
"ASV_29"	"ASV_110"	7
"ASV_29"	"ASV_116"	4
"ASV_29"	"ASV_123"	4
"ASV_29"	"ASV_124"	4
"ASV_29"	"ASV_139"	4
"ASV_29"	"ASV_144"	4
"ASV_29"	"ASV_148"	4
"ASV_29"	"ASV_182"	9
"ASV_29"	"ASV_186"	7
"ASV_29"	"ASV_224"	7
"ASV_29"	"ASV_244"	9
"ASV_29"	"ASV_248"	6
"ASV_29"	"ASV_251"	4
"ASV_29"	"ASV_260"	4
"ASV_29"	"ASV_261"	7
"ASV_29"	"ASV_274"	4
"ASV_29"	"ASV_277"	7
"ASV_29"	"ASV_290"	7
"ASV_29"	"ASV_295"	4
"ASV_29"	"ASV_299"	1
"ASV_29"	"ASV_30"	7
"ASV_29"	"ASV_32"	7
"ASV_29"	"ASV_37"	9
"ASV_29"	"ASV_382"	7
"ASV_29"	"ASV_39"	7
"ASV_29"	"ASV_398"	7
"ASV_29"	"ASV_406"	7
"ASV_29"	"ASV_433"	4
"ASV_29"	"ASV_44"	7
"ASV_29"	"ASV_45"	6
"ASV_29"	"ASV_450"	4
"ASV_29"	"ASV_454"	7
"ASV_29"	"ASV_494"	4
"ASV_29"	"ASV_50"	7
"ASV_29"	"ASV_504"	4
"ASV_29"	"ASV_508"	7
"ASV_29"	"ASV_529"	7
"ASV_29"	"ASV_539"	7
"ASV_29"	"ASV_54"	1
"ASV_29"	"ASV_554"	4
"ASV_29"	"ASV_56"	4
"ASV_29"	"ASV_568"	4
"ASV_29"	"ASV_58"	7
"ASV_29"	"ASV_589"	7
"ASV_29"	"ASV_592"	7
"ASV_29"	"ASV_613"	4
"ASV_29"	"ASV_63"	7
"ASV_29"	"ASV_66"	1
"ASV_29"	"ASV_67"	7
"ASV_29"	"ASV_674"	7
"ASV_29"	"ASV_721"	4
"ASV_29"	"ASV_758"	7
"ASV_29"	"ASV_806"	7
"ASV_29"	"ASV_82"	4
"ASV_29"	"ASV_864"	4
"ASV_29"	"ASV_92"	7
"ASV_29"	"ASV_944"	7
"ASV_29"	"ASV_962"	7
"ASV_29"	"ASV_97"	6
"ASV_290"	"ASV_571"	7
"ASV_290"	"ASV_786"	7
"ASV_292"	"ASV_304"	7
"ASV_296"	"ASV_463"	4
"ASV_296"	"ASV_764"	4
"ASV_298"	"ASV_325"	7
"ASV_298"	"ASV_327"	7
"ASV_298"	"ASV_423"	7
"ASV_298"	"ASV_578"	7
"ASV_299"	"ASV_315"	4
"ASV_299"	"ASV_381"	4
"ASV_299"	"ASV_495"	7
"ASV_3"	"ASV_1063"	6
"ASV_3"	"ASV_1087"	9
"ASV_3"	"ASV_11"	4
"ASV_3"	"ASV_113"	7
"ASV_3"	"ASV_123"	9
"ASV_3"	"ASV_1266"	6
"ASV_3"	"ASV_139"	6
"ASV_3"	"ASV_15"	4
"ASV_3"	"ASV_167"	9
"ASV_3"	"ASV_19"	7
"ASV_3"	"ASV_21"	7
"ASV_3"	"ASV_216"	6
"ASV_3"	"ASV_24"	7
"ASV_3"	"ASV_25"	4
"ASV_3"	"ASV_256"	7
"ASV_3"	"ASV_26"	7
"ASV_3"	"ASV_317"	9
"ASV_3"	"ASV_336"	9
"ASV_3"	"ASV_346"	6
"ASV_3"	"ASV_36"	7
"ASV_3"	"ASV_363"	7
"ASV_3"	"ASV_39"	6
"ASV_3"	"ASV_445"	6
"ASV_3"	"ASV_472"	7
"ASV_3"	"ASV_678"	9
"ASV_3"	"ASV_7"	1
"ASV_3"	"ASV_71"	7
"ASV_3"	"ASV_728"	6
"ASV_3"	"ASV_752"	9
"ASV_3"	"ASV_82"	6
"ASV_3"	"ASV_842"	7
"ASV_3"	"ASV_94"	6
"ASV_30"	"ASV_117"	7
"ASV_30"	"ASV_123"	7
"ASV_30"	"ASV_151"	7
"ASV_30"	"ASV_196"	7
"ASV_30"	"ASV_329"	7
"ASV_30"	"ASV_39"	7
"ASV_30"	"ASV_45"	9
"ASV_30"	"ASV_50"	7
"ASV_30"	"ASV_54"	7
"ASV_30"	"ASV_58"	7
"ASV_30"	"ASV_63"	7
"ASV_30"	"ASV_65"	7
"ASV_30"	"ASV_67"	7
"ASV_30"	"ASV_723"	7
"ASV_30"	"ASV_752"	7
"ASV_30"	"ASV_781"	7
"ASV_30"	"ASV_95"	7
"ASV_302"	"ASV_519"	7
"ASV_302"	"ASV_826"	7
"ASV_306"	"ASV_388"	7
"ASV_306"	"ASV_685"	7
"ASV_31"	"ASV_116"	6
"ASV_31"	"ASV_140"	9
"ASV_31"	"ASV_144"	9
"ASV_31"	"ASV_172"	7
"ASV_31"	"ASV_255"	7
"ASV_31"	"ASV_265"	7
"ASV_31"	"ASV_34"	4
"ASV_31"	"ASV_40"	4
"ASV_31"	"ASV_42"	7
"ASV_31"	"ASV_45"	9
"ASV_31"	"ASV_47"	7
"ASV_31"	"ASV_51"	7
"ASV_31"	"ASV_555"	4
"ASV_31"	"ASV_62"	7
"ASV_31"	"ASV_854"	7
"ASV_311"	"ASV_376"	4
"ASV_311"	"ASV_540"	4
"ASV_315"	"ASV_381"	4
"ASV_315"	"ASV_450"	4
"ASV_315"	"ASV_561"	4
"ASV_32"	"ASV_110"	7
"ASV_32"	"ASV_112"	7
"ASV_32"	"ASV_146"	7
"ASV_32"	"ASV_255"	9
"ASV_32"	"ASV_262"	6
"ASV_32"	"ASV_276"	9
"ASV_32"	"ASV_278"	7
"ASV_32"	"ASV_338"	7
"ASV_32"	"ASV_34"	1
"ASV_32"	"ASV_39"	7
"ASV_32"	"ASV_480"	9
"ASV_32"	"ASV_54"	7
"ASV_32"	"ASV_563"	7
"ASV_32"	"ASV_58"	7
"ASV_32"	"ASV_672"	7
"ASV_32"	"ASV_680"	7
"ASV_32"	"ASV_816"	7
"ASV_32"	"ASV_886"	7
"ASV_32"	"ASV_90"	7
"ASV_32"	"ASV_92"	7
"ASV_32"	"ASV_962"	7
"ASV_324"	"ASV_451"	7
"ASV_325"	"ASV_611"	7
"ASV_326"	"ASV_381"	6
"ASV_326"	"ASV_598"	4
"ASV_326"	"ASV_605"	4
"ASV_326"	"ASV_706"	4
"ASV_326"	"ASV_733"	4
"ASV_326"	"ASV_978"	4
"ASV_327"	"ASV_423"	7
"ASV_33"	"ASV_1071"	7
"ASV_33"	"ASV_237"	7
"ASV_33"	"ASV_395"	7
"ASV_339"	"ASV_554"	4
"ASV_34"	"ASV_104"	7
"ASV_34"	"ASV_121"	7
"ASV_34"	"ASV_168"	7
"ASV_34"	"ASV_178"	7
"ASV_34"	"ASV_189"	7
"ASV_34"	"ASV_245"	6
"ASV_34"	"ASV_325"	7
"ASV_34"	"ASV_348"	7
"ASV_34"	"ASV_408"	7
"ASV_34"	"ASV_524"	7
"ASV_340"	"ASV_710"	4
"ASV_347"	"ASV_376"	4
"ASV_347"	"ASV_662"	4
"ASV_35"	"ASV_101"	7
"ASV_35"	"ASV_104"	7
"ASV_35"	"ASV_1082"	7
"ASV_35"	"ASV_1134"	7
"ASV_35"	"ASV_122"	7
"ASV_35"	"ASV_125"	7
"ASV_35"	"ASV_189"	7
"ASV_35"	"ASV_219"	9
"ASV_35"	"ASV_225"	9
"ASV_35"	"ASV_227"	7
"ASV_35"	"ASV_446"	9
"ASV_35"	"ASV_451"	7
"ASV_35"	"ASV_51"	7
"ASV_35"	"ASV_559"	7
"ASV_35"	"ASV_571"	9
"ASV_35"	"ASV_702"	7
"ASV_35"	"ASV_72"	7
"ASV_35"	"ASV_76"	7
"ASV_35"	"ASV_992"	7
"ASV_357"	"ASV_554"	4
"ASV_36"	"ASV_151"	9
"ASV_36"	"ASV_159"	7
"ASV_36"	"ASV_236"	7
"ASV_36"	"ASV_279"	7
"ASV_36"	"ASV_37"	7
"ASV_36"	"ASV_87"	7
"ASV_37"	"ASV_112"	9
"ASV_37"	"ASV_120"	7
"ASV_37"	"ASV_135"	7
"ASV_37"	"ASV_150"	7
"ASV_37"	"ASV_156"	7
"ASV_37"	"ASV_173"	7
"ASV_37"	"ASV_203"	7
"ASV_37"	"ASV_230"	7
"ASV_37"	"ASV_233"	7
"ASV_37"	"ASV_234"	7
"ASV_37"	"ASV_236"	7
"ASV_37"	"ASV_246"	7
"ASV_37"	"ASV_265"	7
"ASV_37"	"ASV_268"	7
"ASV_37"	"ASV_347"	4
"ASV_37"	"ASV_348"	7
"ASV_37"	"ASV_376"	4
"ASV_37"	"ASV_421"	4
"ASV_37"	"ASV_422"	4
"ASV_37"	"ASV_423"	7
"ASV_37"	"ASV_45"	7
"ASV_37"	"ASV_486"	4
"ASV_37"	"ASV_624"	7
"ASV_37"	"ASV_636"	7
"ASV_37"	"ASV_64"	4
"ASV_37"	"ASV_662"	4
"ASV_37"	"ASV_70"	7
"ASV_37"	"ASV_740"	7
"ASV_374"	"ASV_419"	7
"ASV_376"	"ASV_486"	4
"ASV_376"	"ASV_540"	4
"ASV_379"	"ASV_430"	7
"ASV_379"	"ASV_786"	7
"ASV_38"	"ASV_100"	7
"ASV_38"	"ASV_175"	1
"ASV_38"	"ASV_178"	7
"ASV_38"	"ASV_248"	4
"ASV_38"	"ASV_325"	7
"ASV_38"	"ASV_326"	4
"ASV_38"	"ASV_337"	9
"ASV_38"	"ASV_399"	7
"ASV_38"	"ASV_42"	7
"ASV_38"	"ASV_45"	9
"ASV_38"	"ASV_49"	7
"ASV_38"	"ASV_51"	7
"ASV_38"	"ASV_64"	4
"ASV_38"	"ASV_650"	7
"ASV_38"	"ASV_756"	9
"ASV_38"	"ASV_782"	7
"ASV_38"	"ASV_99"	7
"ASV_381"	"ASV_421"	6
"ASV_381"	"ASV_701"	6
"ASV_383"	"ASV_685"	7
"ASV_383"	"ASV_775"	7
"ASV_386"	"ASV_424"	7
"ASV_386"	"ASV_444"	7
"ASV_388"	"ASV_392"	4
"ASV_388"	"ASV_494"	7
"ASV_388"	"ASV_685"	7
"ASV_39"	"ASV_112"	7
"ASV_39"	"ASV_1207"	7
"ASV_39"	"ASV_196"	7
"ASV_39"	"ASV_332"	7
"ASV_39"	"ASV_432"	7
"ASV_39"	"ASV_44"	7
"ASV_39"	"ASV_446"	7
"ASV_39"	"ASV_465"	7
"ASV_39"	"ASV_543"	7
"ASV_39"	"ASV_583"	7
"ASV_39"	"ASV_60"	7
"ASV_39"	"ASV_635"	7
"ASV_39"	"ASV_65"	7
"ASV_39"	"ASV_67"	7
"ASV_39"	"ASV_99"	7
"ASV_391"	"ASV_650"	7
"ASV_398"	"ASV_547"	7
"ASV_398"	"ASV_613"	7
"ASV_398"	"ASV_913"	7
"ASV_4"	"ASV_11"	9
"ASV_4"	"ASV_13"	7
"ASV_4"	"ASV_134"	4
"ASV_4"	"ASV_14"	9
"ASV_4"	"ASV_1441"	4
"ASV_4"	"ASV_1454"	4
"ASV_4"	"ASV_17"	1
"ASV_4"	"ASV_174"	7
"ASV_4"	"ASV_294"	7
"ASV_4"	"ASV_320"	7
"ASV_4"	"ASV_333"	7
"ASV_4"	"ASV_37"	9
"ASV_4"	"ASV_44"	7
"ASV_4"	"ASV_45"	9
"ASV_4"	"ASV_81"	9
"ASV_4"	"ASV_83"	7
"ASV_4"	"ASV_84"	7
"ASV_4"	"ASV_85"	6
"ASV_4"	"ASV_93"	7
"ASV_40"	"ASV_162"	4
"ASV_40"	"ASV_396"	9
"ASV_40"	"ASV_43"	1
"ASV_40"	"ASV_531"	7
"ASV_40"	"ASV_721"	6
"ASV_401"	"ASV_648"	7
"ASV_401"	"ASV_763"	7
"ASV_405"	"ASV_426"	4
"ASV_407"	"ASV_431"	7
"ASV_41"	"ASV_101"	4
"ASV_41"	"ASV_1087"	7
"ASV_41"	"ASV_114"	7
"ASV_41"	"ASV_142"	7
"ASV_41"	"ASV_168"	7
"ASV_41"	"ASV_208"	7
"ASV_41"	"ASV_258"	6
"ASV_41"	"ASV_504"	6
"ASV_41"	"ASV_605"	6
"ASV_41"	"ASV_655"	7
"ASV_41"	"ASV_736"	7
"ASV_41"	"ASV_96"	9
"ASV_42"	"ASV_107"	4
"ASV_42"	"ASV_130"	7
"ASV_42"	"ASV_135"	7
"ASV_42"	"ASV_160"	7
"ASV_42"	"ASV_175"	7
"ASV_42"	"ASV_219"	7
"ASV_42"	"ASV_224"	7
"ASV_42"	"ASV_296"	4
"ASV_42"	"ASV_310"	7
"ASV_42"	"ASV_441"	7
"ASV_42"	"ASV_661"	4
"ASV_42"	"ASV_763"	7
"ASV_42"	"ASV_864"	4
"ASV_42"	"ASV_89"	4
"ASV_423"	"ASV_456"	7
"ASV_423"	"ASV_863"	7
"ASV_43"	"ASV_108"	7
"ASV_43"	"ASV_128"	6
"ASV_43"	"ASV_150"	7
"ASV_43"	"ASV_154"	7
"ASV_43"	"ASV_285"	7
"ASV_43"	"ASV_311"	4
"ASV_43"	"ASV_315"	6
"ASV_43"	"ASV_338"	7
"ASV_43"	"ASV_347"	4
"ASV_43"	"ASV_364"	7
"ASV_43"	"ASV_54"	6
"ASV_43"	"ASV_55"	7
"ASV_43"	"ASV_64"	1
"ASV_43"	"ASV_86"	7
"ASV_43"	"ASV_90"	9
"ASV_44"	"ASV_130"	7
"ASV_44"	"ASV_140"	7
"ASV_44"	"ASV_147"	7
"ASV_44"	"ASV_154"	9
"ASV_44"	"ASV_364"	7
"ASV_44"	"ASV_412"	7
"ASV_44"	"ASV_476"	7
"ASV_44"	"ASV_61"	9
"ASV_44"	"ASV_65"	7
"ASV_44"	"ASV_66"	7
"ASV_44"	"ASV_67"	7
"ASV_44"	"ASV_672"	7
"ASV_44"	"ASV_699"	7
"ASV_44"	"ASV_707"	7
"ASV_44"	"ASV_845"	7
"ASV_44"	"ASV_974"	7
"ASV_44"	"ASV_981"	7
"ASV_441"	"ASV_650"	7
"ASV_441"	"ASV_862"	7
"ASV_444"	"ASV_451"	7
"ASV_444"	"ASV_774"	7
"ASV_45"	"ASV_125"	7
"ASV_45"	"ASV_128"	6
"ASV_45"	"ASV_131"	1
"ASV_45"	"ASV_161"	7
"ASV_45"	"ASV_202"	7
"ASV_45"	"ASV_224"	7
"ASV_45"	"ASV_264"	7
"ASV_45"	"ASV_270"	1
"ASV_45"	"ASV_421"	4
"ASV_45"	"ASV_423"	7
"ASV_45"	"ASV_61"	7
"ASV_45"	"ASV_67"	9
"ASV_45"	"ASV_81"	7
"ASV_45"	"ASV_88"	7
"ASV_45"	"ASV_91"	7
"ASV_451"	"ASV_587"	7
"ASV_46"	"ASV_146"	7
"ASV_46"	"ASV_173"	7
"ASV_46"	"ASV_226"	7
"ASV_46"	"ASV_255"	7
"ASV_460"	"ASV_492"	4
"ASV_47"	"ASV_169"	4
"ASV_47"	"ASV_215"	4
"ASV_47"	"ASV_232"	7
"ASV_48"	"ASV_100"	4
"ASV_48"	"ASV_154"	7
"ASV_48"	"ASV_178"	7
"ASV_48"	"ASV_187"	7
"ASV_48"	"ASV_258"	9
"ASV_48"	"ASV_429"	7
"ASV_48"	"ASV_49"	7
"ASV_48"	"ASV_57"	7
"ASV_48"	"ASV_72"	6
"ASV_48"	"ASV_91"	7
"ASV_48"	"ASV_94"	4
"ASV_486"	"ASV_597"	4
"ASV_486"	"ASV_769"	4
"ASV_49"	"ASV_109"	7
"ASV_49"	"ASV_119"	7
"ASV_49"	"ASV_122"	7
"ASV_49"	"ASV_138"	7
"ASV_49"	"ASV_142"	7
"ASV_49"	"ASV_180"	7
"ASV_49"	"ASV_246"	7
"ASV_49"	"ASV_370"	7
"ASV_49"	"ASV_441"	7
"ASV_49"	"ASV_55"	7
"ASV_49"	"ASV_59"	7
"ASV_49"	"ASV_62"	7
"ASV_49"	"ASV_705"	7
"ASV_49"	"ASV_87"	7
"ASV_492"	"ASV_500"	4
"ASV_494"	"ASV_1220"	7
"ASV_494"	"ASV_547"	7
"ASV_495"	"ASV_1042"	7
"ASV_495"	"ASV_1213"	7
"ASV_495"	"ASV_1404"	7
"ASV_495"	"ASV_672"	7
"ASV_495"	"ASV_685"	7
"ASV_495"	"ASV_974"	7
"ASV_5"	"ASV_11"	7
"ASV_5"	"ASV_1109"	9
"ASV_5"	"ASV_122"	7
"ASV_5"	"ASV_134"	4
"ASV_5"	"ASV_139"	3
"ASV_5"	"ASV_15"	7
"ASV_5"	"ASV_163"	9
"ASV_5"	"ASV_166"	9
"ASV_5"	"ASV_177"	6
"ASV_5"	"ASV_180"	9
"ASV_5"	"ASV_19"	7
"ASV_5"	"ASV_193"	4
"ASV_5"	"ASV_195"	4
"ASV_5"	"ASV_240"	9
"ASV_5"	"ASV_25"	1
"ASV_5"	"ASV_274"	6
"ASV_5"	"ASV_327"	7
"ASV_5"	"ASV_337"	9
"ASV_5"	"ASV_35"	7
"ASV_5"	"ASV_350"	9
"ASV_5"	"ASV_386"	7
"ASV_5"	"ASV_388"	6
"ASV_5"	"ASV_445"	6
"ASV_5"	"ASV_45"	7
"ASV_5"	"ASV_46"	1
"ASV_5"	"ASV_47"	9
"ASV_5"	"ASV_51"	7
"ASV_5"	"ASV_53"	7
"ASV_5"	"ASV_573"	9
"ASV_5"	"ASV_592"	9
"ASV_5"	"ASV_6"	1
"ASV_5"	"ASV_619"	6
"ASV_5"	"ASV_633"	6
"ASV_5"	"ASV_66"	6
"ASV_5"	"ASV_697"	9
"ASV_5"	"ASV_70"	7
"ASV_5"	"ASV_78"	9
"ASV_5"	"ASV_852"	6
"ASV_5"	"ASV_91"	7
"ASV_5"	"ASV_941"	7
"ASV_50"	"ASV_117"	7
"ASV_50"	"ASV_120"	9
"ASV_50"	"ASV_139"	4
"ASV_50"	"ASV_209"	7
"ASV_50"	"ASV_213"	7
"ASV_50"	"ASV_54"	7
"ASV_50"	"ASV_84"	7
"ASV_502"	"ASV_1089"	7
"ASV_502"	"ASV_1093"	7
"ASV_509"	"ASV_605"	4
"ASV_509"	"ASV_701"	4
"ASV_51"	"ASV_101"	7
"ASV_51"	"ASV_125"	7
"ASV_51"	"ASV_156"	7
"ASV_51"	"ASV_224"	7
"ASV_51"	"ASV_250"	7
"ASV_51"	"ASV_396"	9
"ASV_51"	"ASV_498"	4
"ASV_51"	"ASV_519"	7
"ASV_51"	"ASV_60"	7
"ASV_51"	"ASV_624"	7
"ASV_51"	"ASV_670"	7
"ASV_51"	"ASV_68"	7
"ASV_51"	"ASV_685"	9
"ASV_51"	"ASV_71"	7
"ASV_51"	"ASV_959"	7
"ASV_52"	"ASV_125"	7
"ASV_52"	"ASV_138"	7
"ASV_52"	"ASV_142"	7
"ASV_52"	"ASV_144"	9
"ASV_52"	"ASV_153"	9
"ASV_52"	"ASV_156"	7
"ASV_52"	"ASV_189"	7
"ASV_52"	"ASV_258"	9
"ASV_52"	"ASV_304"	9
"ASV_52"	"ASV_332"	9
"ASV_52"	"ASV_71"	7
"ASV_52"	"ASV_72"	7
"ASV_52"	"ASV_76"	7
"ASV_52"	"ASV_91"	7
"ASV_53"	"ASV_109"	7
"ASV_53"	"ASV_130"	9
"ASV_53"	"ASV_168"	4
"ASV_53"	"ASV_172"	9
"ASV_53"	"ASV_178"	9
"ASV_53"	"ASV_253"	4
"ASV_53"	"ASV_256"	4
"ASV_53"	"ASV_267"	9
"ASV_53"	"ASV_578"	7
"ASV_53"	"ASV_611"	7
"ASV_53"	"ASV_81"	4
"ASV_53"	"ASV_85"	7
"ASV_539"	"ASV_913"	7
"ASV_54"	"ASV_112"	7
"ASV_54"	"ASV_123"	7
"ASV_54"	"ASV_124"	4
"ASV_54"	"ASV_139"	4
"ASV_54"	"ASV_148"	4
"ASV_54"	"ASV_155"	7
"ASV_54"	"ASV_157"	7
"ASV_54"	"ASV_185"	7
"ASV_54"	"ASV_225"	7
"ASV_54"	"ASV_258"	4
"ASV_54"	"ASV_259"	7
"ASV_54"	"ASV_260"	4
"ASV_54"	"ASV_304"	7
"ASV_54"	"ASV_315"	4
"ASV_54"	"ASV_356"	7
"ASV_54"	"ASV_357"	4
"ASV_54"	"ASV_599"	7
"ASV_54"	"ASV_609"	4
"ASV_54"	"ASV_613"	4
"ASV_54"	"ASV_66"	4
"ASV_54"	"ASV_793"	4
"ASV_54"	"ASV_82"	4
"ASV_54"	"ASV_884"	7
"ASV_54"	"ASV_92"	7
"ASV_547"	"ASV_1404"	7
"ASV_547"	"ASV_838"	7
"ASV_55"	"ASV_100"	7
"ASV_55"	"ASV_104"	7
"ASV_55"	"ASV_114"	7
"ASV_55"	"ASV_121"	7
"ASV_55"	"ASV_159"	7
"ASV_55"	"ASV_178"	7
"ASV_55"	"ASV_189"	7
"ASV_55"	"ASV_233"	7
"ASV_55"	"ASV_284"	7
"ASV_55"	"ASV_292"	9
"ASV_55"	"ASV_306"	9
"ASV_55"	"ASV_394"	7
"ASV_55"	"ASV_483"	7
"ASV_55"	"ASV_524"	7
"ASV_55"	"ASV_59"	7
"ASV_55"	"ASV_62"	7
"ASV_55"	"ASV_707"	9
"ASV_55"	"ASV_842"	7
"ASV_55"	"ASV_855"	7
"ASV_55"	"ASV_91"	7
"ASV_56"	"ASV_469"	4
"ASV_56"	"ASV_479"	4
"ASV_57"	"ASV_103"	7
"ASV_57"	"ASV_111"	7
"ASV_57"	"ASV_114"	7
"ASV_57"	"ASV_189"	9
"ASV_57"	"ASV_204"	9
"ASV_57"	"ASV_659"	7
"ASV_57"	"ASV_75"	7
"ASV_57"	"ASV_93"	7
"ASV_57"	"ASV_98"	7
"ASV_58"	"ASV_1036"	7
"ASV_58"	"ASV_110"	7
"ASV_58"	"ASV_1104"	7
"ASV_58"	"ASV_117"	7
"ASV_58"	"ASV_124"	7
"ASV_58"	"ASV_148"	7
"ASV_58"	"ASV_153"	7
"ASV_58"	"ASV_220"	7
"ASV_58"	"ASV_238"	7
"ASV_58"	"ASV_344"	7
"ASV_58"	"ASV_383"	7
"ASV_58"	"ASV_398"	7
"ASV_58"	"ASV_613"	7
"ASV_58"	"ASV_65"	7
"ASV_58"	"ASV_685"	7
"ASV_59"	"ASV_103"	7
"ASV_59"	"ASV_106"	9
"ASV_59"	"ASV_109"	7
"ASV_59"	"ASV_115"	7
"ASV_59"	"ASV_133"	7
"ASV_59"	"ASV_155"	9
"ASV_59"	"ASV_217"	9
"ASV_59"	"ASV_245"	9
"ASV_59"	"ASV_258"	6
"ASV_59"	"ASV_271"	7
"ASV_59"	"ASV_329"	9
"ASV_59"	"ASV_342"	7
"ASV_59"	"ASV_421"	4
"ASV_59"	"ASV_645"	9
"ASV_59"	"ASV_73"	7
"ASV_59"	"ASV_863"	7
"ASV_59"	"ASV_99"	7
"ASV_598"	"ASV_605"	4
"ASV_598"	"ASV_701"	4
"ASV_6"	"ASV_106"	9
"ASV_6"	"ASV_11"	7
"ASV_6"	"ASV_116"	9
"ASV_6"	"ASV_133"	9
"ASV_6"	"ASV_136"	4
"ASV_6"	"ASV_139"	6
"ASV_6"	"ASV_14"	7
"ASV_6"	"ASV_168"	7
"ASV_6"	"ASV_178"	7
"ASV_6"	"ASV_19"	1
"ASV_6"	"ASV_201"	4
"ASV_6"	"ASV_204"	7
"ASV_6"	"ASV_230"	7
"ASV_6"	"ASV_234"	7
"ASV_6"	"ASV_25"	7
"ASV_6"	"ASV_26"	4
"ASV_6"	"ASV_285"	7
"ASV_6"	"ASV_41"	7
"ASV_6"	"ASV_43"	4
"ASV_6"	"ASV_441"	7
"ASV_6"	"ASV_47"	9
"ASV_6"	"ASV_554"	6
"ASV_6"	"ASV_72"	7
"ASV_6"	"ASV_737"	6
"ASV_6"	"ASV_79"	9
"ASV_6"	"ASV_86"	7
"ASV_60"	"ASV_142"	7
"ASV_60"	"ASV_218"	4
"ASV_60"	"ASV_271"	1
"ASV_60"	"ASV_287"	4
"ASV_60"	"ASV_547"	9
"ASV_60"	"ASV_580"	4
"ASV_60"	"ASV_68"	7
"ASV_60"	"ASV_740"	9
"ASV_60"	"ASV_763"	7
"ASV_60"	"ASV_83"	7
"ASV_60"	"ASV_886"	7
"ASV_605"	"ASV_701"	4
"ASV_61"	"ASV_105"	1
"ASV_61"	"ASV_182"	4
"ASV_61"	"ASV_203"	9
"ASV_61"	"ASV_208"	7
"ASV_61"	"ASV_472"	7
"ASV_61"	"ASV_758"	9
"ASV_61"	"ASV_81"	7
"ASV_61"	"ASV_82"	6
"ASV_61"	"ASV_86"	7
"ASV_61"	"ASV_97"	7
"ASV_611"	"ASV_624"	7
"ASV_62"	"ASV_104"	7
"ASV_62"	"ASV_125"	9
"ASV_62"	"ASV_145"	7
"ASV_62"	"ASV_268"	7
"ASV_62"	"ASV_288"	9
"ASV_62"	"ASV_424"	7
"ASV_62"	"ASV_546"	7
"ASV_62"	"ASV_559"	9
"ASV_62"	"ASV_85"	7
"ASV_63"	"ASV_142"	9
"ASV_63"	"ASV_261"	7
"ASV_63"	"ASV_65"	7
"ASV_64"	"ASV_109"	7
"ASV_64"	"ASV_122"	7
"ASV_64"	"ASV_131"	4
"ASV_64"	"ASV_205"	7
"ASV_64"	"ASV_260"	6
"ASV_64"	"ASV_327"	7
"ASV_64"	"ASV_72"	7
"ASV_641"	"ASV_685"	7
"ASV_65"	"ASV_246"	7
"ASV_65"	"ASV_247"	7
"ASV_65"	"ASV_291"	7
"ASV_65"	"ASV_304"	7
"ASV_65"	"ASV_457"	7
"ASV_65"	"ASV_641"	7
"ASV_65"	"ASV_707"	7
"ASV_65"	"ASV_80"	7
"ASV_66"	"ASV_112"	7
"ASV_66"	"ASV_157"	7
"ASV_66"	"ASV_213"	7
"ASV_66"	"ASV_238"	7
"ASV_66"	"ASV_251"	4
"ASV_66"	"ASV_258"	4
"ASV_66"	"ASV_504"	4
"ASV_66"	"ASV_678"	7
"ASV_66"	"ASV_72"	6
"ASV_66"	"ASV_723"	7
"ASV_66"	"ASV_80"	7
"ASV_66"	"ASV_96"	4
"ASV_67"	"ASV_107"	7
"ASV_67"	"ASV_110"	7
"ASV_67"	"ASV_157"	7
"ASV_67"	"ASV_419"	7
"ASV_67"	"ASV_503"	9
"ASV_67"	"ASV_560"	7
"ASV_67"	"ASV_913"	7
"ASV_67"	"ASV_989"	7
"ASV_68"	"ASV_124"	9
"ASV_68"	"ASV_125"	7
"ASV_68"	"ASV_1282"	7
"ASV_68"	"ASV_494"	9
"ASV_68"	"ASV_79"	7
"ASV_685"	"ASV_800"	7
"ASV_69"	"ASV_137"	7
"ASV_69"	"ASV_374"	9
"ASV_7"	"ASV_125"	7
"ASV_7"	"ASV_126"	9
"ASV_7"	"ASV_142"	7
"ASV_7"	"ASV_15"	7
"ASV_7"	"ASV_159"	7
"ASV_7"	"ASV_161"	7
"ASV_7"	"ASV_18"	7
"ASV_7"	"ASV_183"	7
"ASV_7"	"ASV_24"	7
"ASV_7"	"ASV_25"	7
"ASV_7"	"ASV_288"	9
"ASV_7"	"ASV_373"	7
"ASV_7"	"ASV_38"	7
"ASV_7"	"ASV_41"	4
"ASV_7"	"ASV_49"	7
"ASV_7"	"ASV_51"	7
"ASV_7"	"ASV_52"	7
"ASV_7"	"ASV_64"	9
"ASV_7"	"ASV_711"	7
"ASV_7"	"ASV_800"	9
"ASV_7"	"ASV_85"	7
"ASV_7"	"ASV_86"	7
"ASV_7"	"ASV_868"	7
"ASV_70"	"ASV_113"	7
"ASV_70"	"ASV_117"	9
"ASV_70"	"ASV_135"	7
"ASV_70"	"ASV_136"	7
"ASV_70"	"ASV_142"	7
"ASV_70"	"ASV_203"	7
"ASV_70"	"ASV_213"	9
"ASV_70"	"ASV_265"	7
"ASV_70"	"ASV_270"	7
"ASV_70"	"ASV_372"	9
"ASV_70"	"ASV_757"	7
"ASV_70"	"ASV_76"	7
"ASV_70"	"ASV_81"	7
"ASV_701"	"ASV_706"	4
"ASV_71"	"ASV_124"	9
"ASV_71"	"ASV_144"	9
"ASV_71"	"ASV_194"	9
"ASV_71"	"ASV_207"	9
"ASV_71"	"ASV_228"	7
"ASV_71"	"ASV_235"	9
"ASV_71"	"ASV_245"	9
"ASV_71"	"ASV_271"	7
"ASV_71"	"ASV_303"	7
"ASV_71"	"ASV_636"	7
"ASV_71"	"ASV_73"	7
"ASV_71"	"ASV_81"	7
"ASV_71"	"ASV_91"	7
"ASV_72"	"ASV_103"	7
"ASV_72"	"ASV_133"	7
"ASV_72"	"ASV_282"	4
"ASV_72"	"ASV_415"	7
"ASV_73"	"ASV_113"	7
"ASV_73"	"ASV_138"	7
"ASV_73"	"ASV_156"	7
"ASV_73"	"ASV_161"	7
"ASV_73"	"ASV_182"	7
"ASV_73"	"ASV_202"	7
"ASV_73"	"ASV_219"	9
"ASV_73"	"ASV_294"	7
"ASV_73"	"ASV_636"	7
"ASV_73"	"ASV_722"	7
"ASV_74"	"ASV_304"	9
"ASV_75"	"ASV_163"	7
"ASV_75"	"ASV_212"	7
"ASV_75"	"ASV_237"	1
"ASV_75"	"ASV_375"	4
"ASV_75"	"ASV_388"	4
"ASV_75"	"ASV_468"	7
"ASV_75"	"ASV_578"	7
"ASV_75"	"ASV_584"	4
"ASV_75"	"ASV_681"	4
"ASV_75"	"ASV_80"	7
"ASV_75"	"ASV_96"	1
"ASV_758"	"ASV_1048"	7
"ASV_76"	"ASV_190"	7
"ASV_76"	"ASV_284"	7
"ASV_76"	"ASV_610"	7
"ASV_77"	"ASV_124"	9
"ASV_77"	"ASV_81"	7
"ASV_77"	"ASV_92"	9
"ASV_78"	"ASV_126"	4
"ASV_78"	"ASV_134"	4
"ASV_78"	"ASV_162"	4
"ASV_78"	"ASV_193"	4
"ASV_78"	"ASV_195"	4
"ASV_78"	"ASV_199"	4
"ASV_78"	"ASV_215"	4
"ASV_78"	"ASV_343"	4
"ASV_78"	"ASV_417"	4
"ASV_79"	"ASV_159"	7
"ASV_79"	"ASV_205"	7
"ASV_79"	"ASV_648"	7
"ASV_79"	"ASV_84"	7
"ASV_8"	"ASV_1009"	4
"ASV_8"	"ASV_108"	6
"ASV_8"	"ASV_1083"	4
"ASV_8"	"ASV_116"	4
"ASV_8"	"ASV_1202"	4
"ASV_8"	"ASV_1353"	4
"ASV_8"	"ASV_139"	4
"ASV_8"	"ASV_1390"	4
"ASV_8"	"ASV_14"	6
"ASV_8"	"ASV_144"	4
"ASV_8"	"ASV_15"	7
"ASV_8"	"ASV_152"	7
"ASV_8"	"ASV_16"	6
"ASV_8"	"ASV_164"	4
"ASV_8"	"ASV_167"	4
"ASV_8"	"ASV_175"	4
"ASV_8"	"ASV_177"	4
"ASV_8"	"ASV_186"	4
"ASV_8"	"ASV_190"	4
"ASV_8"	"ASV_263"	9
"ASV_8"	"ASV_274"	4
"ASV_8"	"ASV_276"	7
"ASV_8"	"ASV_277"	4
"ASV_8"	"ASV_278"	7
"ASV_8"	"ASV_296"	4
"ASV_8"	"ASV_30"	4
"ASV_8"	"ASV_315"	4
"ASV_8"	"ASV_321"	4
"ASV_8"	"ASV_329"	4
"ASV_8"	"ASV_337"	4
"ASV_8"	"ASV_366"	4
"ASV_8"	"ASV_372"	4
"ASV_8"	"ASV_381"	4
"ASV_8"	"ASV_396"	4
"ASV_8"	"ASV_399"	4
"ASV_8"	"ASV_450"	4
"ASV_8"	"ASV_451"	7
"ASV_8"	"ASV_455"	7
"ASV_8"	"ASV_46"	7
"ASV_8"	"ASV_498"	7
"ASV_8"	"ASV_53"	7
"ASV_8"	"ASV_54"	4
"ASV_8"	"ASV_568"	4
"ASV_8"	"ASV_57"	4
"ASV_8"	"ASV_60"	6
"ASV_8"	"ASV_61"	7
"ASV_8"	"ASV_642"	4
"ASV_8"	"ASV_661"	4
"ASV_8"	"ASV_727"	7
"ASV_8"	"ASV_753"	4
"ASV_8"	"ASV_778"	7
"ASV_8"	"ASV_803"	6
"ASV_8"	"ASV_82"	4
"ASV_8"	"ASV_880"	4
"ASV_8"	"ASV_89"	4
"ASV_8"	"ASV_917"	7
"ASV_8"	"ASV_93"	7
"ASV_8"	"ASV_983"	9
"ASV_80"	"ASV_117"	7
"ASV_80"	"ASV_157"	4
"ASV_80"	"ASV_217"	7
"ASV_80"	"ASV_234"	7
"ASV_80"	"ASV_251"	4
"ASV_80"	"ASV_274"	7
"ASV_80"	"ASV_300"	7
"ASV_80"	"ASV_306"	1
"ASV_80"	"ASV_468"	7
"ASV_80"	"ASV_494"	7
"ASV_80"	"ASV_641"	7
"ASV_80"	"ASV_772"	9
"ASV_80"	"ASV_82"	4
"ASV_80"	"ASV_96"	1
"ASV_81"	"ASV_1028"	7
"ASV_81"	"ASV_128"	6
"ASV_81"	"ASV_142"	7
"ASV_81"	"ASV_208"	7
"ASV_81"	"ASV_282"	4
"ASV_81"	"ASV_782"	7
"ASV_81"	"ASV_842"	7
"ASV_82"	"ASV_107"	4
"ASV_82"	"ASV_1075"	4
"ASV_82"	"ASV_124"	4
"ASV_82"	"ASV_128"	4
"ASV_82"	"ASV_144"	4
"ASV_82"	"ASV_148"	4
"ASV_82"	"ASV_157"	4
"ASV_82"	"ASV_163"	4
"ASV_82"	"ASV_166"	4
"ASV_82"	"ASV_245"	4
"ASV_82"	"ASV_251"	4
"ASV_82"	"ASV_258"	4
"ASV_82"	"ASV_260"	4
"ASV_82"	"ASV_306"	4
"ASV_82"	"ASV_315"	4
"ASV_82"	"ASV_357"	4
"ASV_82"	"ASV_361"	4
"ASV_82"	"ASV_381"	4
"ASV_82"	"ASV_392"	4
"ASV_82"	"ASV_473"	4
"ASV_82"	"ASV_494"	4
"ASV_82"	"ASV_495"	4
"ASV_82"	"ASV_504"	4
"ASV_82"	"ASV_544"	4
"ASV_82"	"ASV_561"	4
"ASV_82"	"ASV_562"	4
"ASV_82"	"ASV_609"	4
"ASV_82"	"ASV_613"	4
"ASV_82"	"ASV_899"	4
"ASV_82"	"ASV_950"	4
"ASV_82"	"ASV_96"	4
"ASV_83"	"ASV_153"	7
"ASV_84"	"ASV_276"	7
"ASV_85"	"ASV_100"	7
"ASV_85"	"ASV_104"	7
"ASV_85"	"ASV_133"	7
"ASV_85"	"ASV_136"	7
"ASV_85"	"ASV_255"	7
"ASV_85"	"ASV_256"	7
"ASV_85"	"ASV_275"	7
"ASV_85"	"ASV_327"	7
"ASV_85"	"ASV_329"	9
"ASV_85"	"ASV_655"	7
"ASV_86"	"ASV_134"	4
"ASV_86"	"ASV_137"	7
"ASV_86"	"ASV_211"	7
"ASV_86"	"ASV_640"	7
"ASV_87"	"ASV_1082"	7
"ASV_87"	"ASV_134"	4
"ASV_87"	"ASV_152"	7
"ASV_87"	"ASV_154"	7
"ASV_87"	"ASV_408"	7
"ASV_87"	"ASV_88"	7
"ASV_88"	"ASV_101"	4
"ASV_88"	"ASV_198"	7
"ASV_89"	"ASV_1083"	4
"ASV_89"	"ASV_148"	4
"ASV_89"	"ASV_185"	7
"ASV_89"	"ASV_415"	7
"ASV_89"	"ASV_541"	7
"ASV_89"	"ASV_613"	4
"ASV_89"	"ASV_662"	4
"ASV_89"	"ASV_805"	4
"ASV_9"	"ASV_10"	7
"ASV_9"	"ASV_103"	9
"ASV_9"	"ASV_115"	7
"ASV_9"	"ASV_122"	7
"ASV_9"	"ASV_1220"	9
"ASV_9"	"ASV_153"	9
"ASV_9"	"ASV_170"	6
"ASV_9"	"ASV_19"	1
"ASV_9"	"ASV_224"	7
"ASV_9"	"ASV_24"	7
"ASV_9"	"ASV_246"	9
"ASV_9"	"ASV_283"	9
"ASV_9"	"ASV_29"	9
"ASV_9"	"ASV_308"	9
"ASV_9"	"ASV_31"	9
"ASV_9"	"ASV_329"	6
"ASV_9"	"ASV_330"	4
"ASV_9"	"ASV_347"	4
"ASV_9"	"ASV_43"	7
"ASV_9"	"ASV_45"	7
"ASV_9"	"ASV_49"	9
"ASV_9"	"ASV_604"	4
"ASV_9"	"ASV_76"	7
"ASV_9"	"ASV_91"	7
"ASV_9"	"ASV_912"	7
"ASV_9"	"ASV_955"	7
"ASV_90"	"ASV_137"	7
"ASV_90"	"ASV_146"	7
"ASV_90"	"ASV_211"	7
"ASV_90"	"ASV_252"	7
"ASV_91"	"ASV_103"	7
"ASV_91"	"ASV_125"	7
"ASV_92"	"ASV_108"	7
"ASV_92"	"ASV_112"	7
"ASV_92"	"ASV_117"	7
"ASV_92"	"ASV_157"	7
"ASV_92"	"ASV_172"	7
"ASV_92"	"ASV_205"	7
"ASV_92"	"ASV_235"	7
"ASV_92"	"ASV_288"	7
"ASV_92"	"ASV_309"	7
"ASV_92"	"ASV_571"	7
"ASV_92"	"ASV_638"	7
"ASV_92"	"ASV_778"	7
"ASV_94"	"ASV_469"	4
"ASV_95"	"ASV_112"	7
"ASV_95"	"ASV_160"	7
"ASV_95"	"ASV_278"	7
"ASV_95"	"ASV_546"	7
"ASV_96"	"ASV_107"	7
"ASV_96"	"ASV_165"	7
"ASV_96"	"ASV_296"	4
"ASV_96"	"ASV_381"	4
"ASV_96"	"ASV_458"	7
"ASV_96"	"ASV_503"	7
"ASV_96"	"ASV_907"	7
"ASV_97"	"ASV_121"	7
"ASV_97"	"ASV_122"	9
"ASV_97"	"ASV_131"	9
"ASV_97"	"ASV_152"	7
"ASV_97"	"ASV_244"	7
"ASV_97"	"ASV_486"	4
"ASV_97"	"ASV_556"	4
"ASV_97"	"ASV_650"	7
"ASV_97"	"ASV_803"	4
"ASV_98"	"ASV_103"	7
"ASV_98"	"ASV_122"	7
"ASV_98"	"ASV_125"	7
"ASV_98"	"ASV_161"	7
"ASV_98"	"ASV_275"	7
"ASV_98"	"ASV_692"	7
"ASV_98"	"ASV_736"	7
"ASV_98"	"ASV_773"	7
"partition_Class1"	"ASV_1"	4
"partition_Class1"	"ASV_16"	4
"partition_Class1"	"partition_Class2"	6
"partition_Class1"	"partition_Class4"	6
"partition_Class2"	"ASV_242"	4
"partition_Class2"	"ASV_256"	4
"partition_Class2"	"ASV_4"	4
"partition_Class2"	"ASV_511"	4
"partition_Class2"	"ASV_52"	4
"partition_Class2"	"partition_Class4"	6
"partition_Class3"	"ASV_1"	6
"partition_Class3"	"ASV_1149"	4
"partition_Class3"	"ASV_13"	4
"partition_Class3"	"ASV_148"	4
"partition_Class3"	"ASV_17"	6
"partition_Class3"	"ASV_18"	6
"partition_Class3"	"ASV_191"	4
"partition_Class3"	"ASV_212"	4
"partition_Class3"	"ASV_216"	4
"partition_Class3"	"ASV_3"	6
"partition_Class3"	"ASV_381"	4
"partition_Class3"	"ASV_4"	6
"partition_Class3"	"ASV_405"	4
"partition_Class3"	"ASV_430"	4
"partition_Class3"	"ASV_5"	6
"partition_Class3"	"ASV_544"	4
"partition_Class3"	"ASV_550"	4
"partition_Class3"	"ASV_562"	4
"partition_Class3"	"ASV_582"	4
"partition_Class3"	"ASV_6"	6
"partition_Class3"	"ASV_617"	4
"partition_Class3"	"ASV_628"	4
"partition_Class3"	"ASV_721"	4
"partition_Class3"	"ASV_792"	4
"partition_Class3"	"ASV_8"	4
"partition_Class3"	"ASV_801"	6
"partition_Class3"	"ASV_844"	4
"partition_Class4"	"ASV_19"	4
"partition_Class4"	"ASV_2"	4
"partition_Class4"	"ASV_23"	6
"partition_Class4"	"ASV_260"	6
"partition_Class4"	"ASV_3"	4
"partition_Class4"	"ASV_34"	4
"partition_Class4"	"ASV_369"	4
"partition_Class4"	"ASV_43"	4
"partition_Class4"	"ASV_61"	4
"partition_Class4"	"ASV_72"	4
"partition_Class4"	"ASV_9"	4
"partition_Class4"	"ASV_97"	4
"partition_Class5"	"ASV_1"	6
"partition_Class5"	"ASV_17"	4
"partition_Class5"	"ASV_530"	4
"partition_Class6"	"ASV_169"	4
"partition_Class6"	"ASV_27"	4
"partition_Class6"	"ASV_60"	4
"partition"	"ASV_1"	9
"partition"	"ASV_10"	9
"partition"	"ASV_104"	9
"partition"	"ASV_1048"	7
"partition"	"ASV_110"	7
"partition"	"ASV_112"	7
"partition"	"ASV_13"	7
"partition"	"ASV_130"	7
"partition"	"ASV_165"	7
"partition"	"ASV_18"	9
"partition"	"ASV_211"	7
"partition"	"ASV_212"	7
"partition"	"ASV_220"	7
"partition"	"ASV_23"	7
"partition"	"ASV_238"	7
"partition"	"ASV_24"	9
"partition"	"ASV_25"	9
"partition"	"ASV_258"	7
"partition"	"ASV_28"	7
"partition"	"ASV_289"	7
"partition"	"ASV_29"	7
"partition"	"ASV_299"	7
"partition"	"ASV_3"	9
"partition"	"ASV_30"	7
"partition"	"ASV_300"	7
"partition"	"ASV_304"	7
"partition"	"ASV_309"	7
"partition"	"ASV_361"	7
"partition"	"ASV_372"	7
"partition"	"ASV_379"	7
"partition"	"ASV_41"	9
"partition"	"ASV_420"	7
"partition"	"ASV_467"	7
"partition"	"ASV_48"	9
"partition"	"ASV_49"	9
"partition"	"ASV_5"	9
"partition"	"ASV_50"	7
"partition"	"ASV_515"	7
"partition"	"ASV_52"	9
"partition"	"ASV_55"	9
"partition"	"ASV_58"	7
"partition"	"ASV_6"	9
"partition"	"ASV_62"	9
"partition"	"ASV_63"	7
"partition"	"ASV_681"	7
"partition"	"ASV_826"	7
"partition"	"ASV_83"	9
"partition"	"ASV_945"	7
"partition"	"ASV_96"	7
"partition"	"ASV_976"	7
"partition"	"ASV_989"	7
"partition"	"ASV_995"	7
